"","P","Y","A"
"1",3,5,1
"2",3,5,1
"3",3,5,1
"4",3,5,0
"5",5,5,1
"6",2,5,0
"7",3,5,1
"8",4,5,1
"9",3,5,0
"10",3,5,1
"11",3,4,1
"12",4,4,1
"13",4,4,0
"14",3,4,0
"15",4,4,0
"16",4,5,1
"17",2,4,1
"18",4,5,1
"19",4,4,1
"20",5,4,0
"21",4,4,1
"22",3,5,0
"23",4,5,0
"24",5,5,0
"25",3,5,1
"26",2,3,1
"27",2,3,1
"28",1,4,0
"29",3,4,1
"30",3,5,1
"31",3,5,1
"32",5,4,1
"33",2,3,1
"34",4,5,1
"35",5,5,1
"36",3,5,1
"37",3,5,0
"38",1,4,0
"39",4,4,0
"40",3,4,0
"41",2,3,0
"42",2,2,0
"43",2,3,0
"44",3,3,0
"45",3,5,0
"46",4,4,0
"47",2,5,0
"48",2,3,0
"49",2,3,0
"50",4,5,1
"51",4,5,1
"52",4,5,1
"53",4,4,1
"54",5,5,1
"55",4,4,1
"56",5,5,1
"57",3,5,0
"58",5,5,0
"59",3,4,0
"60",3,4,0
"61",4,5,0
"62",3,4,0
"63",3,4,0
"64",3,5,0
"65",3,5,0
"66",4,4,0
"67",4,5,1
"68",4,4,1
"69",2,3,1
"70",5,5,1
"71",4,5,1
"72",4,5,1
"73",4,5,1
"74",3,3,0
"75",1,4,0
"76",3,4,0
"77",2,4,0
"78",4,5,0
"79",2,4,0
"80",3,5,0
"81",3,4,0
"82",2,4,0
"83",4,4,0
"84",3,4,1
"85",5,4,1
"86",4,5,1
"87",4,5,1
"88",2,4,1
"89",2,3,0
"90",2,3,1
"91",4,4,1
"92",4,5,1
"93",3,4,1
"94",2,4,1
"95",3,4,0
"96",4,5,0
"97",3,4,1
"98",2,5,0
"99",2,4,0
"100",2,3,1
"101",2,4,1
"102",4,5,1
"103",4,5,1
"104",1,4,0
"105",3,3,1
"106",5,5,0
"107",3,5,0
"108",2,4,1
"109",4,5,1
"110",2,5,1
"111",3,4,0
"112",4,5,1
"113",3,5,0
"115",2,5,1
"116",3,5,0
"117",4,3,0
"118",3,5,1
"119",3,4,1
"120",3,5,1
"121",4,5,1
"122",3,4,0
"123",4,4,0
"124",5,5,0
"125",3,4,0
"126",3,5,1
"127",3,4,1
"128",4,3,1
"129",4,4,1
"130",4,3,1
"131",4,5,1
"132",4,5,0
"133",2,5,0
"134",2,3,0
"135",2,3,0
"136",3,3,0
"137",4,4,1
"138",3,5,1
"139",3,5,0
"140",2,2,0
"141",3,5,0
"142",3,4,0
"143",3,4,0
"144",3,4,0
"145",2,5,0
"146",4,5,0
"147",4,4,0
"148",2,3,0
"149",3,5,0
"150",3,4,0
"151",3,3,0
"152",3,1,0
"153",3,5,0
"154",4,5,1
"155",4,5,1
"156",2,4,1
"157",3,5,1
"158",5,5,1
"159",3,4,1
"160",5,5,1
"161",4,5,1
"162",3,4,1
"163",5,5,1
"164",4,5,1
"165",4,5,0
"166",4,5,0
"167",3,4,0
"168",1,3,0
"169",4,4,0
"170",4,5,0
"171",4,5,0
"172",5,4,0
"173",4,5,0
"174",4,5,0
"175",4,3,0
"176",3,5,1
"177",5,5,1
"178",3,3,1
"179",3,4,1
"180",3,5,1
"181",4,5,1
"182",3,4,1
"183",4,4,1
"184",5,5,1
"185",5,5,1
"186",3,4,0
"187",4,5,0
"188",3,4,0
"189",2,4,0
"190",3,4,0
"191",3,5,0
"192",4,4,0
"193",4,5,0
"194",3,3,1
"195",4,5,1
"196",4,2,1
"197",3,4,1
"198",4,4,1
"199",4,5,1
"200",4,4,1
"201",5,5,1
"202",4,5,1
"203",2,3,1
"204",3,5,0
"205",3,4,0
"206",2,5,0
"207",2,4,0
"208",5,5,0
"209",2,4,0
"210",1,4,0
"211",4,4,0
"212",4,5,0
"213",1,3,0
"214",2,4,1
"215",3,3,1
"216",3,5,1
"217",4,5,1
"218",2,5,1
"219",3,5,1
"220",5,5,1
"221",4,5,0
"222",3,5,0
"223",3,5,0
"224",2,3,0
"225",2,5,0
"226",3,5,0
"227",3,4,0
"228",2,5,0
"229",4,5,1
"230",4,5,1
"231",5,4,1
"232",4,5,1
"233",3,5,1
"234",1,4,1
"235",3,5,1
"236",2,4,1
"237",4,5,1
"238",2,4,1
"239",4,5,1
"240",4,4,0
"241",4,4,0
"242",3,4,0
"243",3,3,0
"244",3,5,0
"245",5,5,1
"246",4,5,1
"247",4,5,1
"248",4,5,1
"249",3,5,1
"250",3,3,1
"251",3,5,1
"252",3,4,0
"253",2,5,0
"254",3,5,0
"255",2,4,0
"256",3,4,0
"257",4,5,0
"258",2,3,0
"259",2,5,0
"260",4,4,1
"261",3,5,1
"262",3,4,1
"263",3,5,1
"264",2,4,1
"265",3,5,1
"266",4,4,1
"267",2,4,1
"268",1,3,0
"269",3,4,0
"270",3,4,0
"271",4,5,0
"272",3,5,0
"273",2,5,0
"274",3,3,0
"275",2,3,0
"276",4,5,0
"277",4,5,0
"278",3,4,0
"279",5,5,0
"280",3,4,1
"281",4,3,1
"282",5,4,1
"283",3,5,1
"284",2,4,1
"285",4,4,1
"286",5,4,1
"287",2,4,1
"288",4,5,1
"289",3,5,1
"290",2,4,1
"291",3,5,0
"292",4,4,0
"293",3,4,0
"294",4,4,0
"295",2,4,0
"296",2,4,0
"297",2,5,0
"298",2,5,0
"299",3,3,0
"300",2,5,0
"301",2,3,1
"302",3,4,1
"303",4,4,1
"304",2,3,1
"305",2,3,1
"306",2,5,1
"307",4,4,1
"308",4,4,1
"309",2,5,1
"310",4,4,0
"311",3,4,0
"312",2,4,0
"313",3,4,0
"314",2,4,0
"315",3,4,0
"316",4,5,1
"317",2,4,1
"318",3,5,1
"319",3,5,1
"320",4,5,1
"321",5,5,1
"322",4,3,1
"323",4,4,1
"324",4,5,1
"325",3,4,1
"326",4,4,1
"327",5,4,0
"328",2,4,0
"329",4,5,0
"330",4,5,0
"331",3,4,0
"332",4,5,0
"333",2,5,0
"334",4,5,0
"335",4,5,1
"336",5,5,1
"337",4,2,1
"338",5,5,1
"339",4,5,1
"340",2,3,1
"341",3,5,1
"342",5,5,1
"343",2,3,0
"344",3,4,0
"345",2,5,0
"346",1,3,0
"347",4,5,0
"348",4,4,0
"349",3,5,0
"350",3,5,1
"351",4,5,1
"352",5,5,1
"353",3,4,1
"354",4,5,1
"355",3,5,1
"356",2,4,1
"357",4,5,1
"358",3,5,1
"359",2,2,0
"360",4,5,1
"361",3,3,0
"362",3,3,1
"363",4,4,0
"364",3,4,0
"365",3,4,1
"366",3,5,0
"367",3,3,1
"368",4,5,1
"369",3,5,0
"370",2,3,0
"371",3,5,1
"372",2,4,1
"373",3,4,0
"374",3,5,0
"375",5,5,1
"376",4,5,0
"377",4,4,1
"378",4,5,1
"379",4,4,0
"380",3,4,0
"381",4,4,1
"382",2,4,0
"383",4,5,0
"384",4,5,1
"385",2,3,0
"386",4,5,1
"387",5,5,1
"388",4,5,1
"389",5,4,1
"390",4,4,0
"391",4,5,0
"392",3,4,0
"393",4,3,0
"394",4,5,1
"395",3,4,1
"396",1,4,0
"397",3,4,0
"398",2,5,0
"399",3,4,1
"400",3,5,0
"401",2,3,0
"402",3,4,0
"403",5,5,1
"404",4,5,1
"405",4,4,1
"406",1,4,1
"407",4,4,0
"408",5,5,1
"409",3,4,0
"410",3,5,1
"411",5,5,0
"412",3,4,0
"413",4,4,0
"414",3,4,0
"415",4,4,0
"416",3,4,0
"417",2,3,0
"418",3,4,0
"419",4,5,1
"420",4,4,1
"421",4,5,1
"422",2,4,1
"423",4,4,1
"424",3,4,0
"425",1,1,0
"426",4,3,0
"427",5,4,0
"428",3,3,0
"429",2,5,0
"430",5,5,1
"431",4,4,1
"432",4,4,1
"433",4,5,0
"434",2,5,0
"435",4,5,0
"436",5,4,0
"438",4,5,0
"439",3,4,0
"441",4,5,1
"442",3,5,1
"443",4,5,1
"444",4,5,1
"445",3,5,1
"446",2,4,1
"447",4,5,1
"448",4,5,1
"449",3,4,1
"450",4,5,1
"451",5,5,1
"452",4,5,1
"453",3,5,1
"454",3,4,1
"455",3,5,1
"456",5,5,1
"457",2,5,1
"458",3,4,1
"459",4,4,1
"460",5,5,1
"461",4,5,0
"462",4,4,0
"463",4,5,0
"464",3,5,0
"465",2,4,0
"466",3,3,0
"467",3,5,0
"468",4,5,0
"469",3,4,0
"470",3,4,0
"471",4,5,1
"472",4,3,1
"473",4,5,1
"474",3,5,1
"475",4,4,1
"476",4,5,1
"477",5,5,1
"478",3,2,1
"479",3,3,1
"480",3,4,1
"481",4,5,0
"482",3,5,0
"483",3,4,0
"484",4,5,0
"485",5,4,0
"486",3,5,0
"487",4,5,0
"488",4,5,0
"489",4,4,0
"490",3,4,0
"491",4,5,1
"492",4,5,1
"493",5,4,0
"494",3,3,0
"495",4,5,0
"496",3,3,0
"497",4,5,1
"498",3,5,1
"499",4,5,1
"500",3,5,1
"501",5,5,1
"502",4,5,1
"503",3,3,0
"504",3,4,0
"505",2,5,0
"506",4,4,1
"507",3,4,1
"508",4,5,1
"509",2,5,0
"510",4,5,1
"511",4,5,1
"512",3,4,0
"513",3,4,0
"514",3,5,0
"515",2,4,0
"516",4,4,0
"517",4,5,0
"518",1,1,1
"519",3,5,0
"520",3,4,1
"521",3,3,1
"522",1,2,0
"523",5,5,1
"524",5,5,1
"525",3,4,1
"526",4,5,1
"527",2,4,0
"528",4,5,0
"529",4,4,1
"530",4,5,1
"531",3,4,0
"532",2,1,0
"533",3,4,0
"534",4,3,1
"535",2,5,1
"536",3,5,1
"537",1,3,0
"538",3,4,0
"539",4,5,1
"540",4,4,1
"541",3,4,1
"542",4,4,1
"543",3,4,1
"544",4,5,0
"545",3,4,1
"546",4,4,0
"547",5,5,1
"548",4,5,0
"549",2,2,0
"550",4,5,0
"551",3,4,0
"552",3,4,0
"553",4,5,0
"554",3,5,0
"555",3,5,0
"556",4,5,0
"557",3,4,1
"558",4,4,1
"559",5,5,1
"560",3,5,1
"561",3,4,1
"562",5,4,1
"563",4,5,1
"564",3,4,1
"565",5,5,1
"566",2,3,1
"567",3,4,0
"568",3,3,0
"569",3,4,0
"570",3,5,0
"571",4,5,0
"572",2,4,0
"573",4,4,0
"574",4,5,0
"575",4,5,0
"576",2,3,0
"577",4,4,1
"578",5,5,1
"579",4,5,1
"580",4,4,1
"581",3,3,1
"582",4,4,1
"583",5,5,1
"584",1,5,1
"585",4,5,1
"586",4,4,1
"587",3,4,1
"588",2,4,0
"589",4,5,0
"590",2,4,0
"591",4,5,0
"592",2,4,0
"593",3,3,0
"594",4,3,0
"595",3,5,0
"596",5,5,0
"597",2,4,0
"598",4,4,0
"599",2,5,1
"600",5,5,1
"601",3,4,1
"602",4,5,1
"603",5,5,1
"604",5,5,1
"605",4,5,1
"606",4,5,1
"607",4,4,1
"608",3,4,1
"609",3,5,0
"610",4,4,0
"611",3,4,0
"612",3,5,0
"613",4,3,0
"614",4,4,0
"615",5,5,0
"616",2,3,0
"617",4,5,1
"618",4,5,1
"619",3,5,1
"620",4,5,1
"621",1,4,1
"622",3,5,0
"623",2,5,0
"624",3,3,0
"625",3,5,0
"626",3,5,0
"627",3,3,0
"628",3,4,0
"629",4,5,0
"630",3,5,0
"631",3,5,1
"632",4,5,1
"633",3,5,1
"634",4,5,1
"635",4,4,1
"636",3,4,1
"637",4,4,0
"638",4,5,0
"639",3,5,0
"640",3,4,0
"641",2,4,0
"642",3,5,0
"643",4,4,0
"644",5,5,0
"645",5,4,0
"646",3,4,0
"647",3,5,1
"648",4,4,1
"649",5,5,1
"650",5,5,1
"651",5,5,1
"652",4,4,1
"653",4,5,1
"654",3,4,1
"655",4,4,0
"656",3,3,0
"657",4,4,0
"658",4,5,0
"659",2,3,0
"660",2,4,0
"661",3,5,0
"662",4,5,0
"663",3,4,0
"664",4,5,0
"665",3,4,1
"666",4,5,1
"667",4,4,1
"668",4,5,1
"669",5,5,1
"670",4,4,1
"671",3,4,1
"673",3,5,0
"674",5,5,0
"675",4,5,0
"676",3,4,0
"677",4,4,0
"678",2,1,0
"679",4,5,0
"680",4,4,0
"681",4,5,1
"682",4,3,1
"683",4,5,1
"684",3,5,1
"685",3,4,1
"686",4,5,1
"687",3,5,1
"688",4,5,0
"689",4,3,0
"690",3,3,0
"691",4,5,0
"692",2,3,0
"694",3,5,1
"695",5,4,1
"696",5,5,1
"697",5,5,1
"698",3,5,1
"699",3,4,1
"700",5,5,1
"701",2,3,1
"702",4,4,1
"703",2,5,0
"704",2,4,0
"705",3,5,0
"706",2,3,0
"707",4,5,0
"708",3,5,0
"709",3,5,1
"710",4,5,1
"711",3,5,1
"712",4,5,1
"713",5,5,1
"714",2,4,1
"715",3,5,1
"716",3,5,0
"717",3,3,0
"718",2,3,0
"719",4,5,0
"720",4,4,0
"721",4,5,0
"722",3,5,0
"723",3,4,0
"724",3,4,1
"725",4,5,1
"726",5,5,1
"727",2,5,1
"728",4,5,1
"729",5,4,1
"730",3,5,1
"731",2,4,0
"732",2,5,1
"733",3,5,0
"734",2,5,0
"735",4,5,1
"736",2,1,0
"737",4,5,0
"738",3,5,1
"739",4,5,1
"740",2,5,0
"741",5,5,0
"742",5,5,1
"743",3,5,1
"744",4,5,1
"745",3,5,0
"746",2,4,0
"747",1,4,0
"748",3,5,0
"749",2,4,0
"750",2,5,0
"751",4,5,1
"752",1,2,0
"753",2,4,0
"754",4,4,1
"756",2,4,1
"757",3,5,0
"758",3,4,0
"759",3,4,0
"760",4,5,1
"761",4,5,1
"762",3,3,1
"763",3,5,1
"764",4,5,0
"765",3,4,0
"766",3,5,1
"767",4,4,0
"768",3,4,0
"769",5,5,1
"771",1,3,0
"772",4,5,1
"773",2,3,1
"774",4,5,1
"775",3,5,1
"776",4,4,1
"777",4,5,1
"778",5,5,1
"779",4,5,1
"780",2,3,1
"781",3,4,0
"782",4,4,0
"783",3,5,0
"784",4,3,0
"785",3,5,0
"786",2,4,0
"787",3,5,0
"788",4,5,0
"789",3,5,0
"790",4,4,0
"791",2,5,0
"792",4,3,1
"793",4,5,1
"794",3,4,1
"795",4,5,1
"796",4,5,1
"797",5,3,1
"798",3,4,1
"799",2,4,1
"800",3,2,1
"801",5,5,1
"802",2,4,0
"803",2,5,0
"804",3,5,0
"805",2,4,0
"806",3,3,0
"807",4,4,0
"808",3,5,0
"809",4,5,0
"810",5,5,0
"811",3,4,1
"812",3,4,1
"813",5,5,1
"814",5,4,1
"815",2,3,1
"816",3,5,1
"817",4,4,1
"818",2,3,0
"819",4,3,0
"820",2,5,0
"821",3,4,0
"822",4,4,0
"823",4,5,0
"824",3,4,0
"825",5,4,0
"826",4,5,0
"827",3,4,0
"828",4,5,0
"829",4,4,0
"830",4,5,0
"831",4,5,0
"832",4,3,0
"833",3,5,0
"834",3,4,0
"835",4,4,1
"836",3,4,1
"837",4,5,1
"838",3,5,1
"839",4,5,1
"840",3,5,0
"841",4,4,0
"842",3,5,0
"843",4,5,0
"844",1,3,0
"845",4,4,0
"846",4,4,1
"847",3,4,1
"848",4,3,1
"849",5,4,1
"850",3,3,1
"851",5,5,0
"852",3,4,0
"853",3,5,0
"854",3,5,0
"855",4,4,0
"856",3,5,0
"857",4,4,0
"858",3,4,0
"859",4,5,1
"860",4,5,1
"861",4,5,1
"862",4,5,1
"863",4,4,1
"864",3,3,0
"865",2,3,0
"866",4,4,0
"867",5,4,0
"868",3,4,0
"869",3,5,0
"870",4,5,0
"871",1,4,1
"872",4,3,1
"873",4,5,1
"874",3,3,1
"875",3,5,1
"876",3,4,1
"877",3,3,0
"878",5,4,0
"879",4,4,0
"880",3,4,0
"881",5,5,0
"882",5,5,0
"883",4,3,1
"884",5,5,1
"885",4,5,1
"886",4,5,1
"887",3,4,0
"888",4,4,0
"889",3,3,0
"890",1,4,0
"891",4,5,0
"892",1,4,0
"893",2,4,0
"894",2,4,0
"895",2,3,0
"896",4,5,1
"897",3,5,1
"898",4,5,1
"899",3,5,1
"900",1,5,1
"901",3,3,1
"902",3,3,1
"903",2,4,0
"904",2,4,0
"905",5,5,0
"906",1,4,0
"907",3,3,0
"908",3,4,0
"909",4,5,1
"910",3,5,1
"911",3,5,1
"912",3,4,1
"913",5,5,1
"914",2,3,0
"915",2,3,0
"916",3,5,0
"917",3,5,0
"918",3,4,0
"919",3,5,0
"920",2,4,0
"921",3,5,1
"922",2,4,1
"923",3,4,1
"924",3,5,1
"925",2,5,1
"926",3,4,1
"927",5,5,1
"928",3,4,1
"929",4,5,1
"930",5,5,1
"931",3,4,1
"932",3,4,1
"933",4,5,1
"934",3,4,1
"935",4,5,1
"936",3,5,0
"937",3,4,0
"938",3,4,0
"939",4,5,0
"940",2,4,0
"941",3,5,0
"942",2,4,0
"943",5,4,1
"944",4,5,1
"945",4,4,1
"946",5,5,1
"947",4,4,1
"948",4,4,1
"949",1,3,1
"950",5,5,0
"951",2,2,0
"952",3,5,0
"953",3,5,0
"954",5,5,0
"955",5,5,0
"956",4,5,0
"957",3,4,0
"958",4,5,0
"959",3,4,0
"960",2,4,0
"961",3,4,0
"962",4,5,0
"963",2,4,0
"964",5,5,0
"965",3,4,0
"966",5,5,0
"967",4,4,1
"968",3,5,1
"969",4,5,1
"970",4,4,1
"971",5,5,1
"972",3,4,1
"973",5,5,1
"974",3,3,1
"975",4,5,1
"976",3,5,1
"977",3,3,0
"978",4,5,0
"979",2,4,0
"980",4,5,0
"981",3,5,0
"982",2,3,0
"983",2,5,0
"984",4,5,0
"985",4,4,0
"986",4,5,0
"987",4,5,0
"988",4,4,0
"989",2,3,1
"990",3,4,1
"991",4,4,1
"992",4,5,1
"993",3,1,1
"994",2,5,1
"995",3,5,1
"996",4,3,1
"997",3,4,1
"998",3,5,0
"999",3,4,0
"1000",3,5,0
"1001",4,5,0
"1002",3,4,0
"1003",2,3,0
"1004",4,4,0
"1005",3,4,1
"1006",5,4,1
"1007",3,5,1
"1008",4,4,1
"1009",3,4,1
"1010",4,5,1
"1011",4,5,1
"1012",5,4,1
"1013",1,4,1
"1014",4,4,1
"1015",3,4,1
"1016",3,5,0
"1017",4,3,0
"1018",2,4,0
"1019",4,3,0
"1020",4,4,0
"1021",1,3,0
"1022",5,5,0
"1023",4,5,1
"1024",3,5,1
"1025",3,4,1
"1026",4,5,1
"1027",5,5,1
"1028",4,5,1
"1029",3,4,0
"1030",4,5,0
"1031",4,5,0
"1032",2,3,0
"1033",3,4,0
"1034",3,5,0
"1035",3,4,0
"1036",3,5,1
"1037",4,4,1
"1038",3,3,1
"1039",4,4,1
"1040",1,3,1
"1041",2,3,0
"1042",2,5,0
"1043",2,4,0
"1044",5,5,0
"1045",3,4,0
"1046",3,5,0
"1047",1,5,0
"1048",3,5,0
"1049",3,5,0
"1050",4,5,0
"1051",3,5,1
"1052",5,5,1
"1053",5,4,1
"1054",3,4,1
"1055",4,5,0
"1056",3,4,0
"1057",4,5,0
"1058",3,4,0
"1059",5,4,0
"1060",3,5,0
"1061",4,4,1
"1062",4,3,1
"1063",5,5,1
"1064",5,5,1
"1065",5,5,1
"1066",4,4,1
"1067",2,4,1
"1068",5,5,1
"1069",3,4,0
"1070",2,4,0
"1071",3,5,0
"1072",3,5,0
"1073",3,4,0
"1074",2,4,0
"1075",3,5,0
"1076",3,4,0
"1077",3,3,0
"1078",3,5,0
"1079",4,5,1
"1080",3,5,1
"1081",4,4,1
"1082",5,4,1
"1083",1,3,1
"1084",3,5,1
"1085",3,4,1
"1086",3,3,0
"1087",2,3,0
"1088",2,3,0
"1089",3,2,0
"1090",3,3,0
"1091",4,5,0
"1092",3,3,0
"1093",3,3,1
"1094",3,4,1
"1095",3,4,1
"1096",2,4,1
"1097",4,4,1
"1098",4,5,1
"1099",4,5,1
"1100",4,5,1
"1101",3,5,1
"1102",1,3,0
"1103",4,4,1
"1104",4,5,1
"1105",3,5,1
"1106",3,4,0
"1107",3,5,1
"1108",3,4,1
"1109",2,5,0
"1110",3,5,1
"1111",3,4,0
"1112",3,4,0
"1113",1,4,0
"1114",3,4,0
"1115",1,3,0
"1116",2,5,1
"1117",3,5,1
"1118",3,4,1
"1119",4,5,1
"1120",3,5,0
"1121",4,4,1
"1122",2,1,0
"1123",2,2,1
"1124",4,5,1
"1125",4,4,0
"1126",3,2,1
"1127",2,4,0
"1128",3,5,0
"1129",4,4,0
"1130",2,4,0
"1131",3,5,1
"1132",4,5,1
"1133",2,4,0
"1134",4,5,1
"1135",1,4,1
"1136",4,5,0
"1137",3,3,0
"1138",2,4,0
"1139",2,5,0
"1140",4,5,1
"1141",5,5,1
"1142",3,4,1
"1143",2,3,0
"1144",4,4,0
"1145",3,5,0
"1146",3,5,0
"1147",4,5,0
"1148",5,4,0
"1149",4,4,0
"1150",4,4,0
"1151",4,5,0
"1152",2,4,0
"1153",3,5,0
"1154",3,4,0
"1155",3,5,0
"1156",1,5,0
"1157",1,5,1
"1158",4,5,1
"1159",4,5,1
"1160",3,5,1
"1161",3,5,1
"1162",4,5,1
"1163",4,5,1
"1164",4,4,0
"1165",4,5,0
"1166",3,4,0
"1167",3,5,0
"1168",4,4,0
"1169",4,5,0
"1170",4,5,0
"1171",3,4,0
"1172",3,5,0
"1173",3,3,0
"1174",1,4,0
"1175",4,5,1
"1176",3,5,1
"1177",1,5,1
"1178",3,5,1
"1179",4,5,1
"1180",3,5,1
"1181",4,5,1
"1182",5,4,0
"1183",3,3,0
"1184",3,5,0
"1185",4,5,0
"1186",4,5,0
"1187",3,4,0
"1188",4,4,0
"1189",4,5,0
"1190",2,4,0
"1191",4,5,1
"1192",4,5,1
"1193",5,5,1
"1194",5,5,1
"1195",5,5,1
"1196",4,5,1
"1197",4,5,1
"1198",5,5,1
"1199",3,5,1
"1200",4,4,1
"1201",2,4,0
"1202",3,5,0
"1203",3,3,0
"1204",3,4,0
"1205",2,4,0
"1206",3,3,1
"1207",4,5,0
"1208",2,5,0
"1209",4,5,1
"1210",2,5,0
"1211",4,5,1
"1212",3,2,1
"1213",3,4,0
"1214",2,3,0
"1215",5,5,1
"1216",4,4,1
"1217",3,5,1
"1218",2,4,0
"1219",3,4,1
"1220",3,3,1
"1221",5,5,1
"1222",2,4,1
"1223",2,4,0
"1224",3,4,1
"1225",4,4,0
"1226",3,5,1
"1227",3,4,0
"1228",2,5,0
"1229",4,5,1
"1230",1,4,0
"1231",2,5,0
"1232",3,4,0
"1233",3,3,1
"1234",1,4,0
"1235",2,3,0
"1236",3,3,1
"1237",4,5,0
"1238",3,5,1
"1239",5,5,0
"1240",3,3,1
"1241",3,5,1
"1242",3,4,1
"1243",2,5,0
"1244",3,4,0
"1245",2,3,0
"1246",4,4,0
"1247",2,3,0
"1248",2,4,0
"1249",3,5,0
"1250",4,5,0
"1251",3,5,0
"1252",3,4,0
"1253",5,4,1
"1254",4,5,1
"1255",3,5,1
"1256",3,5,1
"1257",2,5,1
"1258",3,5,1
"1259",4,5,1
"1260",3,4,1
"1261",3,5,1
"1262",3,5,1
"1263",3,5,1
"1264",4,5,1
"1265",3,4,0
"1266",2,4,0
"1267",2,4,0
"1268",3,3,0
"1269",4,4,0
"1270",4,5,0
"1271",5,5,0
"1272",5,5,1
"1273",4,5,1
"1274",1,3,1
"1275",5,5,1
"1276",2,4,1
"1277",4,5,1
"1278",5,5,1
"1279",4,4,1
"1280",3,3,1
"1281",4,5,1
"1282",1,2,0
"1283",3,4,0
"1284",3,5,0
"1285",3,4,0
"1286",3,5,0
"1287",4,3,0
"1288",1,2,0
"1289",3,5,0
"1290",2,3,0
"1291",4,5,0
"1292",5,4,1
"1293",4,5,1
"1294",3,3,1
"1295",4,4,1
"1296",4,5,1
"1297",5,5,1
"1298",2,3,1
"1299",3,3,1
"1300",3,4,1
"1301",3,4,1
"1302",4,5,1
"1303",2,4,0
"1304",4,5,0
"1305",3,4,0
"1306",4,4,0
"1307",4,4,0
"1308",2,4,0
"1309",3,5,0
"1311",2,5,0
"1312",3,5,1
"1313",3,3,1
"1314",3,5,1
"1315",3,5,1
"1316",4,4,1
"1317",4,4,1
"1318",5,4,1
"1319",4,5,1
"1320",5,5,1
"1321",2,4,1
"1322",3,4,1
"1323",4,4,1
"1324",2,4,0
"1325",4,4,0
"1326",3,4,0
"1327",3,4,0
"1328",2,3,0
"1329",4,4,0
"1330",3,4,0
"1331",3,5,1
"1332",4,4,1
"1333",3,5,1
"1334",3,4,1
"1335",3,4,1
"1336",4,4,1
"1337",3,4,1
"1338",2,3,0
"1339",4,5,1
"1340",3,5,1
"1341",3,4,1
"1342",3,4,1
"1343",4,2,1
"1344",5,4,1
"1345",4,5,1
"1346",4,4,1
"1347",3,3,1
"1348",3,5,0
"1349",4,3,0
"1350",3,3,0
"1351",4,5,0
"1352",3,4,0
"1353",2,4,0
"1354",2,4,0
"1355",5,5,0
"1356",2,3,0
"1357",3,4,1
"1358",4,5,1
"1359",5,5,1
"1360",4,5,1
"1361",1,3,1
"1362",3,4,1
"1363",2,3,1
"1364",1,4,0
"1365",4,4,0
"1366",2,4,0
"1367",5,5,0
"1368",2,3,0
"1369",3,4,0
"1370",3,4,0
"1371",4,4,0
"1372",2,4,0
"1373",4,4,0
"1374",3,5,0
"1375",3,4,0
"1376",5,5,0
"1377",5,5,0
"1378",3,4,0
"1379",2,5,0
"1380",2,4,0
"1381",2,4,0
"1382",4,5,0
"1383",3,5,0
"1384",2,5,0
"1385",2,3,0
"1386",5,4,1
"1387",3,5,1
"1388",5,4,1
"1389",4,4,1
"1390",2,4,1
"1391",3,5,1
"1392",3,4,1
"1393",3,5,1
"1394",2,4,0
"1395",4,5,0
"1396",4,5,0
"1397",5,5,0
"1398",3,4,0
"1399",3,4,0
"1400",4,5,0
"1401",3,5,0
"1402",3,4,0
"1403",3,3,1
"1404",3,4,1
"1405",3,3,1
"1406",2,5,1
"1407",4,4,1
"1408",3,5,1
"1409",4,5,1
"1410",1,4,1
"1411",3,5,1
"1412",5,4,1
"1413",4,3,1
"1414",4,4,0
"1415",3,4,0
"1416",4,4,0
"1417",2,4,0
"1418",4,5,0
"1419",4,5,0
"1420",2,4,0
"1421",5,5,0
"1422",4,5,1
"1423",3,3,1
"1424",5,5,1
"1425",2,2,1
"1426",4,5,1
"1427",4,5,1
"1428",5,5,1
"1429",5,3,1
"1430",4,5,1
"1431",3,3,1
"1432",4,4,1
"1433",3,5,1
"1434",4,4,1
"1435",3,5,1
"1436",3,5,1
"1437",3,5,1
"1438",4,5,0
"1439",1,3,0
"1440",3,4,0
"1441",2,5,0
"1442",3,4,0
"1443",2,3,0
"1444",3,4,0
"1445",3,4,0
"1446",4,5,0
"1447",4,3,0
"1448",2,4,1
"1449",3,4,1
"1450",4,2,1
"1451",4,3,1
"1452",3,4,1
"1453",4,5,1
"1454",2,5,0
"1455",3,5,0
"1456",3,5,0
"1457",3,4,0
"1458",2,4,0
"1459",4,4,0
"1460",4,4,0
"1461",3,2,0
"1462",4,5,0
"1463",2,5,0
"1464",2,5,1
"1465",4,5,1
"1466",1,1,1
"1467",3,4,1
"1468",2,4,1
"1469",3,4,0
"1470",4,3,0
"1471",3,5,0
"1472",3,5,0
"1473",4,3,0
"1474",2,5,0
"1475",3,5,0
"1476",3,4,0
"1477",3,5,0
"1478",3,5,1
"1479",2,4,1
"1480",2,4,1
"1481",4,5,1
"1482",3,4,1
"1484",4,5,1
"1485",2,5,0
"1486",3,4,0
"1487",2,5,0
"1488",4,4,0
"1489",4,3,0
"1490",4,5,1
"1491",4,5,1
"1492",3,4,1
"1493",4,4,1
"1494",5,5,1
"1495",2,3,1
"1496",4,5,1
"1497",3,4,1
"1498",3,4,0
"1499",4,5,0
"1500",2,5,0
"1501",2,4,0
"1502",3,4,0
"1503",3,4,0
"1504",3,4,0
"1505",2,3,0
"1506",3,4,0
"1507",3,2,0
"1508",2,3,0
"1509",3,4,1
"1510",2,3,1
"1511",3,3,1
"1512",3,4,1
"1513",3,3,1
"1514",5,5,1
"1515",3,3,0
"1516",3,4,0
"1517",2,4,0
"1518",5,5,0
"1519",1,3,0
"1520",1,5,0
"1521",3,4,0
"1522",1,5,0
"1523",1,3,0
"1524",2,4,0
"1525",2,4,0
"1526",5,5,0
"1527",4,5,0
"1528",4,5,0
"1529",4,4,0
"1530",3,4,1
"1531",3,4,1
"1532",3,5,1
"1533",3,5,1
"1534",2,4,1
"1535",3,4,1
"1536",3,4,0
"1537",3,4,0
"1538",3,5,0
"1539",3,4,0
"1540",3,3,0
"1541",2,4,0
"1542",4,4,0
"1543",3,3,0
"1544",4,5,0
"1545",4,4,1
"1546",4,5,1
"1547",3,4,1
"1548",4,5,1
"1549",4,4,1
"1550",3,4,1
"1551",3,4,1
"1552",3,4,1
"1553",3,4,1
"1554",2,4,1
"1555",2,5,1
"1556",4,4,0
"1557",3,3,0
"1558",2,4,0
"1559",3,5,0
"1560",2,3,0
"1561",3,5,1
"1562",4,4,1
"1563",2,5,1
"1564",2,2,1
"1565",4,5,1
"1566",4,5,1
"1567",4,5,1
"1568",5,5,1
"1569",4,4,1
"1570",3,3,1
"1571",3,3,0
"1572",4,4,1
"1573",4,4,1
"1574",4,5,1
"1575",1,3,0
"1576",3,3,0
"1577",2,5,0
"1578",3,5,1
"1579",5,5,0
"1580",2,4,1
"1581",2,5,0
"1582",2,3,0
"1583",4,5,1
"1584",4,5,1
"1585",3,3,1
"1586",5,5,1
"1587",3,5,1
"1588",3,5,0
"1589",5,4,1
"1590",4,3,1
"1591",3,4,1
"1592",1,3,0
"1593",3,3,1
"1594",4,4,1
"1595",1,2,1
"1596",4,5,1
"1597",2,4,1
"1598",3,3,1
"1599",3,3,1
"1600",2,4,0
"1601",4,5,0
"1602",2,3,0
"1603",3,4,0
"1604",2,4,0
"1605",3,4,0
"1606",3,5,0
"1607",3,4,1
"1608",4,4,1
"1609",4,5,1
"1610",3,5,0
"1611",3,4,0
"1612",3,5,0
"1613",1,2,0
"1614",2,2,0
"1615",3,3,0
"1616",4,5,0
"1617",2,3,0
"1618",4,5,1
"1619",4,5,0
"1620",2,4,0
"1621",3,5,0
"1622",2,3,0
"1623",2,5,0
"1624",2,4,0
"1625",1,4,0
"1626",5,5,1
"1627",3,5,0
"1628",5,4,0
"1629",5,5,0
"1630",3,5,0
"1631",3,4,1
"1632",3,4,0
"1633",3,4,0
"1634",2,5,0
"1635",2,3,0
"1636",5,5,1
"1637",3,4,1
"1638",3,5,1
"1639",2,5,0
"1640",4,5,0
"1641",4,4,1
"1642",3,4,1
"1643",3,4,1
"1644",3,4,0
"1645",2,5,0
"1646",1,2,0
"1647",2,4,0
"1648",1,3,0
"1649",4,5,0
"1650",3,5,1
"1651",3,4,1
"1652",1,1,0
"1653",5,5,0
"1654",2,4,0
"1655",3,4,0
"1656",3,4,1
"1657",4,4,1
"1658",2,5,1
"1659",3,2,1
"1660",4,5,1
"1661",4,5,1
"1662",3,4,1
"1663",4,5,1
"1664",2,4,1
"1665",2,4,1
"1666",5,5,1
"1667",3,5,1
"1668",4,5,1
"1669",4,2,1
"1670",5,4,0
"1671",4,4,0
"1672",4,4,0
"1673",4,5,0
"1674",4,4,0
"1675",4,4,0
"1677",4,4,1
"1678",5,5,1
"1679",4,5,1
"1680",4,5,1
"1681",4,5,1
"1682",5,5,1
"1683",5,5,1
"1684",4,5,1
"1685",5,5,1
"1686",5,5,0
"1687",5,5,0
"1688",3,5,0
"1689",3,4,0
"1690",3,3,0
"1691",3,4,0
"1692",4,5,0
"1693",3,5,0
"1694",4,5,1
"1695",3,3,1
"1696",3,4,1
"1697",4,5,1
"1698",5,5,1
"1699",4,5,1
"1700",4,5,1
"1701",4,5,0
"1702",2,4,0
"1703",4,5,0
"1704",3,4,0
"1705",3,5,0
"1706",4,5,0
"1707",4,4,0
"1708",2,4,0
"1709",5,4,0
"1710",4,4,0
"1711",4,5,0
"1712",4,5,1
"1713",5,5,1
"1714",5,4,1
"1715",5,5,1
"1716",4,5,1
"1717",5,5,1
"1718",4,5,1
"1719",5,5,0
"1720",3,4,0
"1721",3,4,0
"1722",4,4,0
"1723",4,5,0
"1724",5,4,0
"1725",4,5,0
"1726",5,4,1
"1727",5,4,1
"1728",3,5,1
"1729",4,5,1
"1730",4,5,1
"1731",3,3,1
"1732",4,5,1
"1733",5,5,1
"1734",3,4,1
"1735",4,5,1
"1736",4,4,0
"1737",4,4,0
"1738",3,5,0
"1739",5,5,0
"1740",3,5,0
"1741",3,5,0
"1742",4,4,0
"1743",5,4,0
"1744",5,4,1
"1745",4,5,1
"1746",4,5,1
"1747",4,5,1
"1748",4,4,1
"1749",3,3,1
"1750",4,5,1
"1751",4,5,1
"1752",4,4,1
"1753",4,5,0
"1754",3,5,0
"1755",3,4,0
"1756",3,5,0
"1757",4,3,0
"1758",3,4,0
"1759",3,5,0
"1760",2,4,1
"1761",5,4,1
"1762",2,5,1
"1763",3,4,1
"1764",4,5,1
"1765",5,4,1
"1766",4,5,1
"1767",2,5,1
"1768",4,5,0
"1769",2,4,0
"1770",3,3,0
"1771",5,5,0
"1772",4,4,0
"1773",2,4,0
"1774",1,5,0
"1775",3,4,0
"1776",3,5,1
"1777",3,5,1
"1778",2,5,1
"1779",3,5,1
"1780",3,5,1
"1781",2,5,1
"1782",4,4,1
"1783",4,5,1
"1784",2,5,1
"1785",2,4,0
"1786",3,4,0
"1787",4,4,0
"1788",2,4,1
"1789",3,4,1
"1790",2,5,1
"1791",4,4,1
"1792",4,4,1
"1793",5,2,1
"1794",3,5,1
"1795",4,5,1
"1796",3,4,1
"1797",5,5,1
"1798",4,5,1
"1799",5,5,1
"1800",3,4,1
"1801",3,4,0
"1802",2,4,0
"1803",3,3,0
"1804",1,3,0
"1805",5,3,0
"1806",3,5,0
"1807",3,3,0
"1808",4,3,0
"1809",4,3,1
"1810",4,3,1
"1811",5,5,1
"1812",5,3,1
"1813",3,3,1
"1814",4,5,1
"1815",3,5,0
"1816",2,4,0
"1817",2,3,0
"1818",3,4,0
"1819",1,5,0
"1820",4,5,0
"1821",4,3,0
"1822",4,4,1
"1823",4,4,1
"1824",4,5,1
"1825",4,4,1
"1826",3,4,1
"1827",3,5,0
"1828",3,4,0
"1829",3,5,0
"1830",3,5,0
"1831",2,3,0
"1832",2,4,0
"1833",4,5,0
"1834",4,4,0
"1835",3,5,0
"1836",5,5,0
"1838",3,5,0
"1839",3,4,0
"1841",3,3,1
"1842",5,5,1
"1843",4,5,1
"1844",4,5,1
"1845",3,5,1
"1846",5,5,0
"1847",5,5,0
"1848",4,4,0
"1849",3,5,0
"1850",4,4,0
"1851",4,5,0
"1852",2,5,0
"1853",4,5,0
"1854",5,5,1
"1855",4,5,1
"1856",4,4,1
"1857",5,5,0
"1858",3,5,0
"1860",3,4,0
"1861",4,4,0
"1862",3,5,0
"1863",3,3,0
"1864",4,5,0
"1865",3,5,0
"1866",4,5,1
"1867",3,5,1
"1868",4,5,1
"1869",4,4,1
"1870",4,4,1
"1871",3,5,0
"1872",2,5,0
"1873",1,3,0
"1874",2,5,0
"1875",3,4,0
"1876",2,4,0
"1877",5,5,0
"1878",3,5,0
"1880",1,2,0
"1881",5,5,1
"1882",3,5,1
"1883",2,4,1
"1884",4,4,1
"1885",4,5,1
"1886",3,5,1
"1887",3,5,1
"1888",3,4,0
"1889",3,5,0
"1890",2,5,0
"1891",2,5,0
"1892",3,4,0
"1893",4,5,0
"1894",5,4,0
"1895",1,4,0
"1896",4,5,0
"1897",3,5,1
"1898",3,4,1
"1899",3,4,1
"1900",2,1,1
"1901",3,5,1
"1902",3,5,1
"1903",1,4,1
"1904",2,4,0
"1905",2,4,0
"1906",2,5,0
"1907",3,5,0
"1908",1,4,0
"1909",2,3,0
"1910",1,5,0
"1911",2,3,1
"1912",2,4,1
"1913",2,5,1
"1914",4,5,1
"1915",3,5,1
"1916",3,3,1
"1917",4,5,0
"1918",4,5,0
"1919",3,4,0
"1920",3,4,0
"1921",4,5,0
"1922",4,5,0
"1923",4,4,0
"1924",2,4,1
"1925",5,4,1
"1926",3,2,1
"1927",3,5,1
"1928",3,3,1
"1929",4,4,1
"1930",3,5,1
"1931",3,5,1
"1932",3,5,1
"1933",3,4,1
"1934",5,5,0
"1935",4,4,0
"1936",4,5,0
"1937",4,4,0
"1938",4,5,0
"1939",5,5,0
"1940",3,4,0
"1941",4,5,0
"1942",5,5,0
"1943",4,5,0
"1944",4,5,0
"1945",4,4,0
"1946",1,5,0
"1947",2,4,0
"1948",3,4,1
"1949",3,4,1
"1950",3,5,1
"1951",5,5,1
"1952",5,4,1
"1953",4,4,1
"1954",1,4,1
"1955",4,4,1
"1956",3,3,1
"1957",4,5,1
"1958",4,5,1
"1959",3,5,1
"1960",4,5,0
"1961",3,4,0
"1962",4,5,0
"1963",2,4,0
"1964",3,4,0
"1965",3,4,0
"1967",4,4,1
"1968",4,5,1
"1969",4,5,1
"1970",3,5,1
"1971",5,3,1
"1972",3,5,0
"1973",3,4,0
"1974",4,5,0
"1975",3,5,0
"1976",1,3,0
"1977",4,5,0
"1978",3,4,1
"1979",3,4,1
"1980",3,5,1
"1981",4,5,1
"1982",3,5,1
"1983",3,4,0
"1984",3,4,0
"1985",4,4,0
"1986",3,4,0
"1987",4,4,0
"1988",4,4,0
"1989",2,5,0
"1990",4,4,1
"1991",4,5,1
"1992",3,5,0
"1993",4,4,0
"1994",3,5,0
"1995",3,4,0
"1996",1,5,0
"1997",3,4,0
"1998",4,3,0
"1999",4,5,0
"2000",2,4,0
"2001",3,5,0
"2002",5,4,1
"2003",5,5,1
"2004",5,5,1
"2005",3,4,1
"2006",5,4,1
"2007",5,4,1
"2008",4,5,1
"2009",1,4,0
"2010",5,5,0
"2011",3,4,0
"2012",3,4,0
"2013",5,3,0
"2014",2,3,0
"2015",3,4,0
"2016",3,5,0
"2017",3,4,0
"2018",4,3,0
"2019",4,5,0
"2020",4,5,0
"2021",2,4,1
"2022",4,4,1
"2023",2,4,1
"2024",5,5,1
"2025",3,4,1
"2026",1,4,1
"2027",5,5,1
"2028",4,5,0
"2029",2,5,0
"2030",3,5,0
"2031",1,2,0
"2032",1,4,0
"2033",4,5,0
"2034",3,2,0
"2035",2,5,0
"2036",4,5,0
"2037",3,5,1
"2038",4,5,1
"2039",3,3,1
"2040",3,5,1
"2041",4,4,1
"2042",5,5,1
"2043",4,5,1
"2044",3,5,0
"2045",2,4,0
"2046",5,5,0
"2047",5,4,0
"2048",1,4,0
"2049",2,4,0
"2050",3,5,0
"2051",3,5,0
"2052",5,4,0
"2053",2,1,0
"2054",2,3,0
"2055",3,4,0
"2056",2,5,0
"2057",3,3,1
"2058",3,2,1
"2059",3,5,1
"2060",3,5,1
"2061",4,5,1
"2062",4,5,1
"2063",3,5,1
"2064",4,4,1
"2065",3,4,1
"2066",1,4,1
"2067",3,5,1
"2068",2,4,1
"2069",4,5,1
"2070",2,5,1
"2071",4,4,0
"2072",5,5,1
"2073",3,4,1
"2074",3,3,1
"2075",5,5,1
"2076",5,4,1
"2077",5,5,1
"2078",3,3,0
"2079",5,4,0
"2080",3,5,0
"2081",4,4,0
"2082",2,3,0
"2083",3,5,1
"2084",3,3,1
"2085",5,5,1
"2086",4,5,1
"2087",4,4,1
"2088",3,5,1
"2089",4,5,1
"2090",2,4,1
"2091",3,4,0
"2092",4,4,0
"2093",3,4,0
"2094",3,5,1
"2095",4,5,1
"2096",4,5,1
"2097",3,4,1
"2098",4,5,0
"2099",3,5,0
"2100",1,4,0
"2101",4,5,1
"2102",4,5,1
"2103",5,5,1
"2104",4,4,1
"2105",5,4,1
"2106",4,5,1
"2107",3,5,0
"2108",1,5,0
"2109",4,5,1
