"","P","Y","A","G"
"1",3,4,2,1
"2",3,4,2,1
"3",3,4,2,1
"4",3,4,1,1
"5",5,5,2,0
"6",4,5,1,1
"7",4,5,2,1
"8",4,5,2,1
"9",3,5,1,2
"10",3,5,2,2
"11",4,4,2,0
"12",4,5,2,1
"13",4,4,1,0
"14",4,4,1,0
"15",3,3,1,0
"16",2,2,2,0
"17",2,4,2,2
"18",4,4,2,0
"19",2,3,2,1
"20",5,5,1,0
"21",3,4,2,1
"22",2,4,1,2
"23",3,4,1,1
"24",5,5,1,0
"25",5,5,2,0
"26",2,3,2,1
"27",2,2,2,0
"28",2,5,1,3
"29",3,3,2,0
"30",4,5,2,1
"31",2,5,2,3
"32",5,5,2,0
"33",3,3,2,0
"34",4,5,2,1
"35",5,5,2,0
"36",2,3,2,1
"37",4,5,1,1
"38",2,4,1,2
"39",4,4,1,0
"40",4,4,1,0
"41",2,3,1,1
"42",2,4,1,2
"43",3,5,1,2
"44",3,3,1,0
"45",3,5,1,2
"46",4,5,1,1
"47",1,5,1,4
"48",2,4,1,2
"49",2,5,1,3
"50",4,5,2,1
"51",4,5,2,1
"52",5,5,2,0
"53",5,5,2,0
"54",5,5,2,0
"55",2,4,2,2
"56",5,4,2,-1
"57",5,5,1,0
"58",5,5,1,0
"59",3,4,1,1
"60",3,5,1,2
"61",5,5,1,0
"62",3,4,1,1
"63",2,3,1,1
"64",4,5,1,1
"65",3,5,1,2
"66",4,5,1,1
"67",5,5,2,0
"68",4,5,2,1
"69",2,3,2,1
"70",4,5,2,1
"71",5,5,2,0
"72",4,5,2,1
"73",5,5,2,0
"74",2,1,1,-1
"75",2,4,1,2
"76",3,4,1,1
"77",2,4,1,2
"78",2,5,1,3
"79",2,5,1,3
"80",2,4,1,2
"81",4,5,1,1
"82",2,4,1,2
"83",5,5,1,0
"84",2,2,2,0
"85",5,5,2,0
"86",4,5,2,1
"87",4,4,2,0
"88",3,2,2,-1
"89",2,3,1,1
"90",2,3,2,1
"91",5,5,2,0
"92",5,5,2,0
"93",2,4,2,2
"94",2,4,2,2
"95",3,4,1,1
"96",4,5,1,1
"97",3,5,2,2
"98",2,4,1,2
"99",2,4,1,2
"100",3,4,2,1
"101",4,5,2,1
"102",4,5,2,1
"103",4,5,2,1
"104",2,3,1,1
"105",2,3,2,1
"106",5,5,1,0
"107",2,2,1,0
"108",2,4,2,2
"109",4,5,2,1
"110",2,1,2,-1
"111",2,4,1,2
"112",2,5,2,3
"113",2,3,1,1
"115",1,3,2,2
"116",4,5,1,1
"117",2,3,1,1
"118",3,4,2,1
"119",3,3,2,0
"120",3,4,2,1
"121",5,5,2,0
"122",3,5,1,2
"123",4,4,1,0
"124",5,5,1,0
"125",5,5,1,0
"126",5,5,2,0
"127",3,2,2,-1
"128",4,4,2,0
"129",3,4,2,1
"130",4,4,2,0
"131",3,4,2,1
"132",5,5,1,0
"133",3,5,1,2
"134",2,2,1,0
"135",3,4,1,1
"136",3,3,1,0
"137",3,4,2,1
"138",3,4,2,1
"139",4,5,1,1
"140",3,2,1,-1
"141",3,2,1,-1
"142",4,4,1,0
"143",2,3,1,1
"144",3,4,1,1
"145",2,5,1,3
"146",5,5,1,0
"147",4,3,1,-1
"148",2,5,1,3
"149",2,5,1,3
"150",2,2,1,0
"151",3,3,1,0
"152",3,1,1,-2
"153",4,4,1,0
"154",5,5,2,0
"155",3,5,2,2
"156",2,1,2,-1
"157",4,5,2,1
"158",5,5,2,0
"159",4,5,2,1
"160",5,5,2,0
"161",4,5,2,1
"162",2,3,2,1
"163",5,5,2,0
"164",3,5,2,2
"165",4,5,1,1
"166",3,5,1,2
"167",4,4,1,0
"168",2,3,1,1
"169",5,3,1,-2
"170",5,5,1,0
"171",5,4,1,-1
"172",5,5,1,0
"173",4,5,1,1
"174",5,5,1,0
"175",4,3,1,-1
"176",5,5,2,0
"177",5,5,2,0
"178",3,3,2,0
"179",2,4,2,2
"180",3,5,2,2
"181",4,5,2,1
"182",4,4,2,0
"183",4,4,2,0
"184",5,5,2,0
"185",4,5,2,1
"186",3,4,1,1
"187",5,5,1,0
"188",4,3,1,-1
"189",3,5,1,2
"190",3,4,1,1
"191",4,5,1,1
"192",5,4,1,-1
"193",4,5,1,1
"194",3,3,2,0
"195",4,5,2,1
"196",5,4,2,-1
"197",4,4,2,0
"198",4,4,2,0
"199",5,5,2,0
"200",4,5,2,1
"201",5,5,2,0
"202",4,5,2,1
"203",2,3,2,1
"204",2,4,1,2
"205",4,3,1,-1
"206",3,5,1,2
"207",3,4,1,1
"208",5,5,1,0
"209",3,5,1,2
"210",2,5,1,3
"211",4,5,1,1
"212",4,5,1,1
"213",2,5,1,3
"214",2,4,2,2
"215",3,5,2,2
"216",4,5,2,1
"217",4,5,2,1
"218",3,4,2,1
"219",5,4,2,-1
"220",4,5,2,1
"221",5,5,1,0
"222",4,4,1,0
"223",3,5,1,2
"224",2,2,1,0
"225",5,5,1,0
"226",3,5,1,2
"227",5,5,1,0
"228",2,4,1,2
"229",3,4,2,1
"230",5,5,2,0
"231",5,5,2,0
"232",3,4,2,1
"233",1,2,2,1
"234",3,5,2,2
"235",2,3,2,1
"236",3,5,2,2
"237",4,4,2,0
"238",1,2,2,1
"239",5,4,2,-1
"240",5,5,1,0
"241",2,4,1,2
"242",3,4,1,1
"243",3,2,1,-1
"244",3,5,1,2
"245",4,5,2,1
"246",2,3,2,1
"247",5,5,2,0
"248",3,5,2,2
"249",2,4,2,2
"250",5,4,2,-1
"251",3,4,2,1
"252",5,5,1,0
"253",4,5,1,1
"254",2,5,1,3
"255",1,3,1,2
"256",4,5,1,1
"257",3,5,1,2
"258",3,3,1,0
"259",2,5,1,3
"260",1,3,2,2
"261",3,5,2,2
"262",2,4,2,2
"263",3,5,2,2
"264",2,4,2,2
"265",2,4,2,2
"266",4,4,2,0
"267",2,4,2,2
"268",1,4,1,3
"269",4,5,1,1
"270",3,4,1,1
"271",4,4,1,0
"272",3,3,1,0
"273",1,3,1,2
"274",3,4,1,1
"275",3,4,1,1
"276",5,5,1,0
"277",5,5,1,0
"278",4,5,1,1
"279",5,5,1,0
"280",3,4,2,1
"281",3,3,2,0
"282",5,5,2,0
"283",5,5,2,0
"284",3,4,2,1
"285",2,4,2,2
"286",3,4,2,1
"287",2,3,2,1
"288",4,5,2,1
"289",3,5,2,2
"290",2,3,2,1
"291",3,5,1,2
"292",4,4,1,0
"293",4,5,1,1
"294",5,5,1,0
"295",3,4,1,1
"296",3,5,1,2
"297",5,5,1,0
"298",2,5,1,3
"299",3,5,1,2
"300",1,5,1,4
"301",2,3,2,1
"302",3,3,2,0
"303",5,5,2,0
"304",2,5,2,3
"305",3,4,2,1
"306",4,4,2,0
"307",5,4,2,-1
"308",4,5,2,1
"309",3,5,2,2
"310",4,4,1,0
"311",4,5,1,1
"312",3,4,1,1
"313",2,3,1,1
"314",2,5,1,3
"315",3,4,1,1
"316",4,5,2,1
"317",2,4,2,2
"318",4,5,2,1
"319",2,5,2,3
"320",4,4,2,0
"321",5,5,2,0
"322",4,4,2,0
"323",5,4,2,-1
"324",3,4,2,1
"325",4,5,2,1
"326",4,5,2,1
"327",5,5,1,0
"328",2,4,1,2
"329",4,5,1,1
"330",3,5,1,2
"331",2,3,1,1
"332",3,5,1,2
"333",2,3,1,1
"334",4,5,1,1
"335",4,5,2,1
"336",4,5,2,1
"337",3,3,2,0
"338",5,5,2,0
"339",4,5,2,1
"340",1,1,2,0
"341",2,4,2,2
"342",5,5,2,0
"343",2,3,1,1
"344",4,5,1,1
"345",2,4,1,2
"346",1,1,1,0
"347",3,5,1,2
"348",3,3,1,0
"349",3,4,1,1
"350",4,5,2,1
"351",4,4,2,0
"352",3,4,2,1
"353",3,3,2,0
"354",3,4,2,1
"355",3,5,2,2
"356",2,1,2,-1
"357",4,5,2,1
"358",2,3,2,1
"359",3,3,1,0
"360",4,5,2,1
"361",2,3,1,1
"362",2,3,2,1
"363",4,4,1,0
"364",3,5,1,2
"365",2,4,2,2
"366",5,5,1,0
"367",2,4,2,2
"368",3,5,2,2
"369",4,5,1,1
"370",3,4,1,1
"371",2,2,2,0
"372",2,2,2,0
"373",4,5,1,1
"374",5,5,1,0
"375",5,5,2,0
"376",5,5,1,0
"377",3,3,2,0
"378",5,5,2,0
"379",4,5,1,1
"380",3,4,1,1
"381",2,2,2,0
"382",2,2,1,0
"383",4,5,1,1
"384",5,5,2,0
"385",3,4,1,1
"386",4,5,2,1
"387",4,5,2,1
"388",4,5,2,1
"389",5,5,2,0
"390",4,4,1,0
"391",4,5,1,1
"392",3,3,1,0
"393",5,5,1,0
"394",4,5,2,1
"395",4,5,2,1
"396",2,5,1,3
"397",3,4,1,1
"398",3,4,1,1
"399",5,5,2,0
"400",1,5,1,4
"401",4,5,1,1
"402",4,4,1,0
"403",5,5,2,0
"404",5,5,2,0
"405",3,4,2,1
"406",2,3,2,1
"407",5,5,1,0
"408",5,5,2,0
"409",3,5,1,2
"410",3,4,2,1
"411",5,5,1,0
"412",3,4,1,1
"413",4,4,1,0
"414",4,4,1,0
"415",4,4,1,0
"416",2,2,1,0
"417",3,4,1,1
"418",3,5,2,2
"419",3,3,2,0
"420",5,5,2,0
"421",4,4,2,0
"422",3,4,2,1
"423",4,5,1,1
"424",2,1,1,-1
"425",2,2,1,0
"426",3,3,1,0
"427",4,5,1,1
"428",2,5,1,3
"429",5,5,2,0
"430",2,3,2,1
"431",4,5,2,1
"432",5,5,1,0
"433",2,2,1,0
"434",4,5,1,1
"435",4,5,1,1
"437",5,5,1,0
"438",4,4,1,0
"440",5,5,2,0
"441",2,3,2,1
"442",3,5,2,2
"443",5,5,2,0
"444",3,2,2,-1
"445",2,4,2,2
"446",3,4,2,1
"447",4,5,2,1
"448",3,4,2,1
"449",4,5,2,1
"450",5,5,2,0
"451",5,5,2,0
"452",2,3,2,1
"453",2,4,2,2
"454",5,5,2,0
"455",5,5,2,0
"456",3,5,2,2
"457",3,3,2,0
"458",3,4,2,1
"459",5,5,2,0
"460",4,5,1,1
"461",5,5,1,0
"462",4,5,1,1
"463",5,5,1,0
"464",2,3,1,1
"465",3,4,1,1
"466",3,4,1,1
"467",4,5,1,1
"468",3,4,1,1
"469",4,5,1,1
"470",5,5,2,0
"471",4,4,2,0
"472",5,5,2,0
"473",5,5,2,0
"474",4,5,2,1
"475",5,5,2,0
"476",4,5,2,1
"477",5,2,2,-3
"478",5,5,2,0
"479",3,5,2,2
"480",4,5,1,1
"481",4,5,1,1
"482",5,5,1,0
"483",3,5,1,2
"484",5,5,1,0
"485",3,5,1,2
"486",5,5,1,0
"487",3,5,1,2
"488",5,5,1,0
"489",2,3,1,1
"490",5,5,2,0
"491",5,5,2,0
"492",5,5,1,0
"493",4,3,1,-1
"494",2,4,1,2
"495",4,4,1,0
"496",4,5,2,1
"497",5,5,2,0
"498",5,5,2,0
"499",4,4,2,0
"500",5,5,2,0
"501",4,5,2,1
"502",4,4,1,0
"503",4,4,1,0
"504",3,5,1,2
"505",5,4,2,-1
"506",2,3,2,1
"507",5,5,2,0
"508",4,3,1,-1
"509",4,5,2,1
"510",5,5,2,0
"511",5,5,1,0
"512",4,5,1,1
"513",4,5,1,1
"514",4,4,1,0
"515",5,5,1,0
"516",5,5,1,0
"517",2,1,2,-1
"518",2,4,1,2
"519",2,4,2,2
"520",3,4,2,1
"521",2,3,1,1
"522",3,5,2,2
"523",5,5,2,0
"524",4,5,2,1
"525",4,5,2,1
"526",4,4,1,0
"527",5,5,1,0
"528",3,5,2,2
"529",5,4,2,-1
"530",3,4,1,1
"531",5,4,1,-1
"532",3,5,1,2
"533",5,4,2,-1
"534",3,4,2,1
"535",5,5,2,0
"536",2,2,1,0
"537",3,3,1,0
"538",3,4,2,1
"539",3,3,2,0
"540",4,4,2,0
"541",2,2,2,0
"542",4,5,1,1
"543",4,3,2,-1
"544",4,3,1,-1
"545",3,3,2,0
"546",5,5,1,0
"547",3,4,1,1
"548",4,5,1,1
"549",4,4,1,0
"550",3,4,1,1
"551",4,5,1,1
"552",2,4,1,2
"553",4,5,1,1
"554",2,4,1,2
"555",5,5,2,0
"556",4,4,2,0
"557",3,4,2,1
"558",2,4,2,2
"559",3,3,2,0
"560",4,4,2,0
"561",4,5,2,1
"562",4,5,2,1
"563",5,5,2,0
"564",2,3,2,1
"565",4,5,1,1
"566",3,2,1,-1
"567",3,5,1,2
"568",3,5,1,2
"569",5,4,1,-1
"570",4,5,1,1
"571",5,5,1,0
"572",5,5,1,0
"573",3,5,1,2
"574",3,3,2,0
"575",5,5,2,0
"576",5,5,2,0
"577",5,4,2,-1
"578",3,4,2,1
"579",4,4,2,0
"580",3,5,2,2
"581",2,5,2,3
"582",4,5,2,1
"583",4,5,2,1
"584",3,4,2,1
"585",4,5,1,1
"586",5,5,1,0
"587",2,3,1,1
"588",3,5,1,2
"589",2,4,1,2
"590",2,2,1,0
"591",5,3,1,-2
"592",4,5,1,1
"593",5,5,1,0
"594",3,5,1,2
"595",4,4,1,0
"596",2,3,2,1
"597",4,5,2,1
"598",3,4,2,1
"599",3,3,2,0
"600",5,4,2,-1
"601",5,5,2,0
"602",2,3,2,1
"603",4,5,2,1
"604",5,4,2,-1
"605",3,3,2,0
"606",4,4,1,0
"607",5,5,1,0
"608",4,4,1,0
"609",2,4,1,2
"610",3,3,1,0
"611",4,5,1,1
"612",5,5,1,0
"613",2,3,1,1
"614",4,5,2,1
"615",5,5,2,0
"616",3,5,2,2
"617",5,5,2,0
"618",2,4,2,2
"619",4,5,1,1
"620",3,5,1,2
"621",4,4,1,0
"622",5,5,1,0
"623",3,5,1,2
"624",3,5,1,2
"625",2,3,1,1
"626",4,5,1,1
"627",3,5,1,2
"628",4,5,2,1
"629",3,4,2,1
"630",5,5,2,0
"631",5,5,2,0
"632",4,5,2,1
"633",4,5,2,1
"634",3,5,1,2
"635",5,5,1,0
"636",3,4,1,1
"637",4,5,1,1
"638",3,4,1,1
"639",5,5,1,0
"640",5,5,1,0
"641",5,5,1,0
"642",4,5,1,1
"643",4,5,1,1
"644",3,4,2,1
"645",3,4,2,1
"646",4,4,2,0
"647",5,5,2,0
"648",4,4,2,0
"649",4,5,2,1
"650",5,5,2,0
"651",3,2,2,-1
"652",5,5,1,0
"653",5,5,1,0
"654",5,4,1,-1
"655",2,2,1,0
"656",2,3,1,1
"657",3,5,1,2
"658",4,5,1,1
"659",4,5,1,1
"660",4,5,1,1
"661",5,5,1,0
"662",5,5,2,0
"663",4,4,2,0
"664",5,3,2,-2
"665",2,3,2,1
"666",5,5,2,0
"667",4,5,2,1
"668",2,3,2,1
"670",4,5,1,1
"671",5,5,1,0
"672",5,5,1,0
"673",3,4,1,1
"674",3,4,1,1
"675",3,2,1,-1
"676",3,5,1,2
"677",4,4,1,0
"678",4,4,2,0
"679",4,5,2,1
"680",5,5,2,0
"681",3,5,2,2
"682",4,3,2,-1
"683",5,5,2,0
"684",4,5,2,1
"685",5,4,1,-1
"686",5,5,1,0
"687",3,4,1,1
"688",5,5,1,0
"689",3,3,1,0
"691",5,4,2,-1
"692",5,5,2,0
"693",4,4,2,0
"694",4,5,2,1
"695",4,4,2,0
"696",5,4,2,-1
"697",5,5,2,0
"698",2,3,2,1
"699",4,5,2,1
"700",3,5,1,2
"701",2,2,1,0
"702",3,5,1,2
"703",3,3,1,0
"704",4,5,1,1
"705",2,4,1,2
"706",5,5,2,0
"707",3,5,2,2
"708",2,5,2,3
"709",2,4,2,2
"710",3,4,2,1
"711",2,2,2,0
"712",3,4,2,1
"713",4,5,1,1
"714",2,2,1,0
"715",4,5,1,1
"716",4,5,1,1
"717",3,4,1,1
"718",4,5,1,1
"719",4,5,1,1
"720",2,4,1,2
"721",4,5,2,1
"722",3,4,2,1
"723",5,5,2,0
"724",2,3,2,1
"725",3,4,2,1
"726",3,4,2,1
"727",3,5,2,2
"728",3,4,1,1
"729",2,4,2,2
"730",3,3,1,0
"731",3,5,1,2
"732",4,5,2,1
"733",2,1,1,-1
"734",4,5,1,1
"735",2,3,2,1
"736",4,5,2,1
"737",4,4,1,0
"738",4,5,1,1
"739",4,4,2,0
"740",3,4,2,1
"741",2,4,2,2
"742",3,4,1,1
"743",2,2,1,0
"744",2,1,1,-1
"745",4,5,1,1
"746",1,3,1,2
"747",2,4,1,2
"748",4,5,2,1
"749",3,2,1,-1
"750",2,3,1,1
"751",4,5,2,1
"753",2,4,2,2
"754",3,5,1,2
"755",2,3,1,1
"756",2,3,1,1
"757",3,5,2,2
"758",4,5,2,1
"759",4,3,2,-1
"760",2,4,2,2
"761",2,4,1,2
"762",2,4,1,2
"763",3,4,2,1
"764",4,4,1,0
"765",2,4,1,2
"766",5,5,2,0
"768",2,2,1,0
"769",3,4,2,1
"770",2,3,2,1
"771",4,5,2,1
"772",4,5,2,1
"773",2,1,2,-1
"774",5,5,2,0
"775",5,5,2,0
"776",5,5,2,0
"777",1,3,2,2
"778",3,4,1,1
"779",4,5,1,1
"780",4,4,1,0
"781",3,4,1,1
"782",4,5,1,1
"783",3,2,1,-1
"784",3,4,1,1
"785",3,4,1,1
"786",5,5,1,0
"787",4,5,1,1
"788",3,5,1,2
"789",4,2,2,-2
"790",4,5,2,1
"791",4,3,2,-1
"792",4,5,2,1
"793",5,4,2,-1
"794",5,4,2,-1
"795",4,4,2,0
"796",3,3,2,0
"797",3,2,2,-1
"798",3,2,2,-1
"799",2,3,1,1
"800",2,2,1,0
"801",3,5,1,2
"802",2,3,1,1
"803",3,4,1,1
"804",5,5,1,0
"805",4,5,1,1
"806",5,5,1,0
"807",4,4,1,0
"808",2,3,2,1
"809",3,4,2,1
"810",5,5,2,0
"811",4,5,2,1
"812",2,2,2,0
"813",1,2,2,1
"814",4,4,2,0
"815",2,3,1,1
"816",4,3,1,-1
"817",3,5,1,2
"818",5,5,1,0
"819",3,4,1,1
"820",3,4,1,1
"821",1,5,1,4
"822",4,5,1,1
"823",3,3,1,0
"824",3,2,1,-1
"825",3,4,1,1
"826",4,3,1,-1
"827",2,4,1,2
"828",3,5,1,2
"829",4,5,1,1
"830",4,5,1,1
"831",4,5,1,1
"832",4,4,2,0
"833",2,2,2,0
"834",3,4,2,1
"835",4,4,2,0
"836",5,4,2,-1
"837",5,5,1,0
"838",3,4,1,1
"839",3,5,1,2
"840",3,5,1,2
"841",2,3,1,1
"842",4,5,1,1
"843",3,2,2,-1
"844",3,3,2,0
"845",2,2,2,0
"846",5,4,2,-1
"847",2,3,2,1
"848",5,5,1,0
"849",3,4,1,1
"850",5,5,1,0
"851",5,5,1,0
"852",5,4,1,-1
"853",5,5,1,0
"854",4,5,1,1
"855",3,5,1,2
"856",5,5,2,0
"857",5,5,2,0
"858",5,5,2,0
"859",3,5,2,2
"860",3,3,2,0
"861",3,3,1,0
"862",3,4,1,1
"863",4,5,1,1
"864",5,4,1,-1
"865",5,4,1,-1
"866",2,4,1,2
"867",5,5,1,0
"868",2,1,2,-1
"869",5,5,2,0
"870",3,4,2,1
"871",3,3,2,0
"872",2,4,2,2
"873",3,5,2,2
"874",4,5,1,1
"875",5,5,1,0
"876",5,4,1,-1
"877",3,3,1,0
"878",5,5,1,0
"879",4,5,1,1
"880",5,4,2,-1
"881",5,5,2,0
"882",4,5,2,1
"883",4,5,2,1
"884",3,5,1,2
"885",3,3,1,0
"886",4,4,1,0
"887",1,4,1,3
"888",5,5,1,0
"889",1,5,1,4
"890",2,2,1,0
"891",2,2,1,0
"892",4,4,1,0
"893",3,4,2,1
"894",2,3,2,1
"895",4,5,2,1
"896",4,5,2,1
"897",2,4,2,2
"898",4,3,2,-1
"899",2,3,2,1
"900",2,4,1,2
"901",2,5,1,3
"902",4,5,1,1
"903",5,5,1,0
"904",2,5,1,3
"905",3,5,1,2
"906",3,3,2,0
"907",5,5,2,0
"908",2,5,2,3
"909",2,2,2,0
"910",5,5,2,0
"911",3,4,1,1
"912",3,3,1,0
"913",3,5,1,2
"914",5,5,1,0
"915",3,5,1,2
"916",3,5,1,2
"917",2,3,1,1
"918",4,5,2,1
"919",2,4,2,2
"920",5,5,2,0
"921",4,5,2,1
"922",2,4,2,2
"923",3,5,2,2
"924",5,5,2,0
"925",2,3,2,1
"926",5,5,2,0
"927",4,5,2,1
"928",2,3,2,1
"929",2,2,2,0
"930",5,4,2,-1
"931",2,4,2,2
"932",4,5,2,1
"933",2,3,1,1
"934",4,5,1,1
"935",3,4,1,1
"936",5,5,1,0
"937",5,4,1,-1
"938",2,5,1,3
"939",4,5,1,1
"940",4,4,2,0
"941",3,4,2,1
"942",4,4,2,0
"943",5,5,2,0
"944",3,4,2,1
"945",4,5,2,1
"946",2,5,2,3
"947",4,5,1,1
"948",5,4,1,-1
"949",4,5,1,1
"950",5,5,1,0
"951",5,5,1,0
"952",4,5,1,1
"953",3,5,1,2
"954",2,4,1,2
"955",3,4,1,1
"956",3,5,1,2
"957",2,3,1,1
"958",3,3,1,0
"959",5,5,1,0
"960",5,5,1,0
"961",5,5,1,0
"962",3,3,1,0
"963",4,4,1,0
"964",3,3,2,0
"965",3,4,2,1
"966",4,5,2,1
"967",4,4,2,0
"968",5,5,2,0
"969",3,4,2,1
"970",5,5,2,0
"971",3,4,2,1
"972",5,5,2,0
"973",5,5,2,0
"974",3,3,1,0
"975",3,5,1,2
"976",2,5,1,3
"977",5,5,1,0
"978",4,5,1,1
"979",2,1,1,-1
"980",2,3,1,1
"981",4,5,1,1
"982",5,4,1,-1
"983",5,5,1,0
"984",5,5,1,0
"985",3,4,1,1
"986",2,2,2,0
"987",1,3,2,2
"988",3,4,2,1
"989",5,5,2,0
"990",2,1,2,-1
"991",3,1,2,-2
"992",4,5,2,1
"993",4,4,2,0
"994",2,3,2,1
"995",5,5,1,0
"996",3,4,1,1
"997",4,5,1,1
"998",5,5,1,0
"999",4,5,1,1
"1000",2,3,1,1
"1001",2,3,1,1
"1002",4,4,2,0
"1003",5,5,2,0
"1004",2,3,2,1
"1005",5,5,2,0
"1006",4,5,2,1
"1007",4,5,2,1
"1008",4,5,2,1
"1009",4,5,2,1
"1010",2,4,2,2
"1011",4,5,2,1
"1012",4,3,2,-1
"1013",5,5,1,0
"1014",2,2,1,0
"1015",3,4,1,1
"1016",5,5,1,0
"1017",3,5,1,2
"1018",2,3,1,1
"1019",5,5,1,0
"1020",4,5,2,1
"1021",4,5,2,1
"1022",3,3,2,0
"1023",4,4,2,0
"1024",5,5,2,0
"1025",2,5,2,3
"1026",2,3,1,1
"1027",5,5,1,0
"1028",3,4,1,1
"1029",3,4,1,1
"1030",5,5,1,0
"1031",5,5,1,0
"1032",2,3,1,1
"1033",2,4,2,2
"1034",3,1,2,-2
"1035",1,2,2,1
"1036",5,5,2,0
"1037",2,1,2,-1
"1038",3,2,1,-1
"1039",4,5,1,1
"1040",2,5,1,3
"1041",5,5,1,0
"1042",5,4,1,-1
"1043",4,5,1,1
"1044",3,5,1,2
"1045",3,5,1,2
"1046",3,5,1,2
"1047",5,5,1,0
"1048",3,5,2,2
"1049",5,5,2,0
"1050",4,2,2,-2
"1051",5,5,2,0
"1052",3,5,1,2
"1053",1,3,1,2
"1054",5,5,1,0
"1055",3,5,1,2
"1056",4,5,1,1
"1057",2,3,1,1
"1058",4,5,2,1
"1059",3,3,2,0
"1060",5,5,2,0
"1061",4,5,2,1
"1062",5,5,2,0
"1063",4,5,2,1
"1064",2,2,2,0
"1065",5,5,2,0
"1066",4,5,1,1
"1067",2,3,1,1
"1068",5,5,1,0
"1069",2,4,1,2
"1070",3,2,1,-1
"1071",2,3,1,1
"1072",2,3,1,1
"1073",2,5,1,3
"1074",2,2,1,0
"1075",3,5,1,2
"1076",5,5,2,0
"1077",2,3,2,1
"1078",4,5,2,1
"1079",5,4,2,-1
"1080",2,2,2,0
"1081",3,4,2,1
"1082",3,4,2,1
"1083",3,3,1,0
"1084",1,3,1,2
"1085",4,3,1,-1
"1086",4,3,1,-1
"1087",2,2,1,0
"1088",4,4,1,0
"1089",3,2,1,-1
"1090",3,3,2,0
"1091",3,4,2,1
"1092",3,5,2,2
"1093",2,4,2,2
"1094",4,4,2,0
"1095",5,5,2,0
"1096",4,5,2,1
"1097",5,5,2,0
"1098",4,5,2,1
"1099",2,1,1,-1
"1100",3,3,2,0
"1101",3,4,2,1
"1102",2,4,2,2
"1103",2,3,1,1
"1104",3,5,2,2
"1105",2,4,2,2
"1106",2,4,1,2
"1107",3,4,2,1
"1108",2,3,1,1
"1109",3,4,1,1
"1110",1,4,1,3
"1111",2,4,1,2
"1112",2,3,1,1
"1113",3,3,2,0
"1114",3,4,2,1
"1115",3,3,2,0
"1116",4,5,2,1
"1117",5,5,1,0
"1118",4,5,2,1
"1119",2,3,1,1
"1120",2,5,2,3
"1121",4,5,2,1
"1122",4,4,1,0
"1123",2,3,2,1
"1124",2,4,1,2
"1125",2,5,1,3
"1126",4,3,1,-1
"1127",2,1,1,-1
"1128",3,5,2,2
"1129",4,5,2,1
"1130",3,5,1,2
"1131",3,5,2,2
"1132",3,4,2,1
"1133",5,5,1,0
"1134",3,2,1,-1
"1135",2,4,1,2
"1136",2,4,1,2
"1137",3,5,2,2
"1138",5,4,2,-1
"1139",2,3,2,1
"1140",2,2,1,0
"1141",3,4,1,1
"1142",3,5,1,2
"1143",4,5,1,1
"1144",3,5,1,2
"1145",3,2,1,-1
"1146",5,5,1,0
"1147",5,4,1,-1
"1148",4,4,1,0
"1149",4,4,1,0
"1150",4,5,1,1
"1151",5,5,1,0
"1152",2,5,1,3
"1153",5,5,1,0
"1154",5,5,2,0
"1155",4,5,2,1
"1156",3,3,2,0
"1157",5,5,2,0
"1158",4,4,2,0
"1159",5,5,2,0
"1160",4,5,2,1
"1161",5,4,1,-1
"1162",3,4,1,1
"1163",5,5,1,0
"1164",3,4,1,1
"1165",5,4,1,-1
"1166",4,5,1,1
"1167",2,3,1,1
"1168",5,5,1,0
"1169",2,3,1,1
"1170",5,4,1,-1
"1171",5,3,2,-2
"1172",4,5,2,1
"1173",3,5,2,2
"1174",4,5,2,1
"1175",5,5,2,0
"1176",4,5,2,1
"1177",5,5,2,0
"1178",5,5,1,0
"1179",2,4,1,2
"1180",3,5,1,2
"1181",5,4,1,-1
"1182",2,5,1,3
"1183",4,3,1,-1
"1184",3,4,1,1
"1185",4,5,1,1
"1186",2,3,1,1
"1187",5,4,2,-1
"1188",5,5,2,0
"1189",5,5,2,0
"1190",3,5,2,2
"1191",5,5,2,0
"1192",5,5,2,0
"1193",4,5,2,1
"1194",5,5,2,0
"1195",5,5,2,0
"1196",5,4,2,-1
"1197",2,4,1,2
"1198",4,5,1,1
"1199",3,3,1,0
"1200",4,4,1,0
"1201",2,2,1,0
"1202",3,2,2,-1
"1203",4,5,1,1
"1204",2,4,1,2
"1205",5,5,2,0
"1206",2,3,1,1
"1207",4,5,2,1
"1208",2,3,2,1
"1209",2,5,1,3
"1210",2,2,1,0
"1211",4,5,2,1
"1212",3,4,2,1
"1213",3,4,2,1
"1214",1,4,1,3
"1215",4,5,2,1
"1216",4,4,2,0
"1217",5,5,2,0
"1218",2,1,2,-1
"1219",3,3,1,0
"1220",3,4,2,1
"1221",4,4,1,0
"1222",3,3,2,0
"1223",3,4,1,1
"1224",3,5,1,2
"1225",5,5,2,0
"1226",2,2,1,0
"1227",4,5,1,1
"1228",4,5,1,1
"1229",4,4,2,0
"1230",2,5,1,3
"1231",2,3,1,1
"1232",3,4,2,1
"1233",5,5,1,0
"1234",4,4,2,0
"1235",4,5,1,1
"1236",2,4,2,2
"1237",3,4,2,1
"1238",4,5,2,1
"1239",3,5,1,2
"1240",3,4,1,1
"1241",3,4,1,1
"1242",4,5,1,1
"1243",1,3,1,2
"1244",4,4,1,0
"1245",5,5,1,0
"1246",4,5,1,1
"1247",5,5,1,0
"1248",4,5,1,1
"1249",4,4,2,0
"1250",3,5,2,2
"1251",4,5,2,1
"1252",2,5,2,3
"1253",2,4,2,2
"1254",3,4,2,1
"1255",5,5,2,0
"1256",2,3,2,1
"1257",2,2,2,0
"1258",4,5,2,1
"1259",4,5,2,1
"1260",4,5,2,1
"1261",3,3,1,0
"1262",2,4,1,2
"1263",4,4,1,0
"1264",3,4,1,1
"1265",3,5,1,2
"1266",5,5,1,0
"1267",5,5,1,0
"1268",5,5,2,0
"1269",3,3,2,0
"1270",3,4,2,1
"1271",5,5,2,0
"1272",2,3,2,1
"1273",4,4,2,0
"1274",4,5,2,1
"1275",4,4,2,0
"1276",2,1,2,-1
"1277",5,5,2,0
"1278",3,4,1,1
"1279",5,4,1,-1
"1280",3,3,1,0
"1281",3,5,1,2
"1282",3,5,1,2
"1283",4,4,1,0
"1284",1,2,1,1
"1285",5,5,1,0
"1286",3,4,1,1
"1287",5,5,1,0
"1288",5,5,2,0
"1289",4,5,2,1
"1290",2,2,2,0
"1291",2,3,2,1
"1292",4,5,2,1
"1293",5,5,2,0
"1294",2,4,2,2
"1295",4,3,2,-1
"1296",2,1,2,-1
"1297",4,5,2,1
"1298",3,5,2,2
"1299",3,3,1,0
"1300",3,5,1,2
"1301",2,3,1,1
"1302",2,4,1,2
"1303",5,5,1,0
"1304",2,5,1,3
"1305",5,5,1,0
"1307",3,5,1,2
"1308",3,5,2,2
"1309",4,3,2,-1
"1310",4,5,2,1
"1311",3,5,2,2
"1312",3,4,2,1
"1313",3,5,2,2
"1314",4,5,2,1
"1315",3,4,2,1
"1316",4,4,2,0
"1317",2,3,2,1
"1318",2,3,2,1
"1319",5,5,2,0
"1320",4,4,1,0
"1321",5,3,1,-2
"1322",4,5,1,1
"1323",3,5,1,2
"1324",4,5,1,1
"1325",2,3,1,1
"1326",4,5,1,1
"1327",3,5,1,2
"1328",3,5,2,2
"1329",5,5,2,0
"1330",4,5,2,1
"1331",3,4,2,1
"1332",3,4,2,1
"1333",3,3,2,0
"1334",2,2,2,0
"1335",2,2,1,0
"1336",4,5,2,1
"1337",2,4,2,2
"1338",2,2,2,0
"1339",4,4,2,0
"1340",4,3,2,-1
"1341",5,5,2,0
"1342",4,5,2,1
"1343",3,4,2,1
"1344",2,3,2,1
"1345",5,5,1,0
"1346",5,5,1,0
"1347",3,3,1,0
"1348",5,5,1,0
"1349",4,5,1,1
"1350",2,5,1,3
"1351",2,2,1,0
"1352",4,4,1,0
"1353",2,2,1,0
"1354",4,5,2,1
"1355",4,5,2,1
"1356",5,5,2,0
"1357",4,5,2,1
"1358",2,1,2,-1
"1359",3,4,2,1
"1360",2,3,2,1
"1361",3,4,1,1
"1362",5,4,1,-1
"1363",3,4,1,1
"1364",5,5,1,0
"1365",2,2,1,0
"1366",4,4,1,0
"1367",4,5,1,1
"1368",4,4,1,0
"1369",4,5,1,1
"1370",4,4,1,0
"1371",5,5,1,0
"1372",3,4,1,1
"1373",4,5,1,1
"1374",4,5,1,1
"1375",3,4,1,1
"1376",2,3,1,1
"1377",3,5,1,2
"1378",4,5,1,1
"1379",4,5,1,1
"1380",4,5,1,1
"1381",3,4,1,1
"1382",2,4,1,2
"1383",4,4,2,0
"1384",4,5,2,1
"1385",3,4,2,1
"1386",2,2,2,0
"1387",1,3,2,2
"1388",3,4,2,1
"1389",2,3,2,1
"1390",2,4,2,2
"1391",1,3,1,2
"1392",3,4,1,1
"1393",5,5,1,0
"1394",4,5,1,1
"1395",3,5,1,2
"1396",3,4,1,1
"1397",4,3,1,-1
"1398",2,5,1,3
"1399",3,5,1,2
"1400",5,5,2,0
"1401",2,3,2,1
"1402",3,3,2,0
"1403",2,3,2,1
"1404",4,5,2,1
"1405",2,5,2,3
"1406",4,4,2,0
"1407",2,2,2,0
"1408",4,5,2,1
"1409",5,4,2,-1
"1410",3,3,2,0
"1411",5,4,1,-1
"1412",3,4,1,1
"1413",2,5,1,3
"1414",2,4,1,2
"1415",4,5,1,1
"1416",5,5,1,0
"1417",2,2,1,0
"1418",5,4,1,-1
"1419",4,5,2,1
"1420",3,4,2,1
"1421",2,5,2,3
"1422",2,1,2,-1
"1423",3,5,2,2
"1424",2,3,2,1
"1425",5,5,2,0
"1426",3,1,2,-2
"1427",5,4,2,-1
"1428",3,4,2,1
"1429",3,4,2,1
"1430",2,3,2,1
"1431",4,5,2,1
"1432",4,5,2,1
"1433",2,2,2,0
"1434",1,5,2,4
"1435",5,5,1,0
"1436",2,2,1,0
"1437",3,4,1,1
"1438",4,5,1,1
"1439",2,2,1,0
"1440",1,3,1,2
"1441",3,3,1,0
"1442",3,3,1,0
"1443",4,5,1,1
"1444",4,4,1,0
"1445",2,2,2,0
"1446",3,5,2,2
"1447",3,3,2,0
"1448",3,3,2,0
"1449",2,2,2,0
"1450",5,5,2,0
"1451",2,5,1,3
"1452",3,4,1,1
"1453",5,5,1,0
"1454",3,4,1,1
"1455",3,5,1,2
"1456",3,4,1,1
"1457",5,3,1,-2
"1458",3,2,1,-1
"1459",3,5,1,2
"1460",4,5,1,1
"1461",3,4,2,1
"1462",3,5,2,2
"1463",2,4,2,2
"1464",2,4,2,2
"1465",3,5,2,2
"1466",3,2,1,-1
"1467",2,3,1,1
"1468",3,5,1,2
"1469",2,4,1,2
"1470",3,4,1,1
"1471",2,5,1,3
"1472",3,4,1,1
"1473",3,4,1,1
"1474",3,5,1,2
"1475",3,2,2,-1
"1476",2,4,2,2
"1477",3,4,2,1
"1478",3,4,2,1
"1479",3,4,2,1
"1481",2,2,2,0
"1482",3,5,1,2
"1483",4,5,1,1
"1484",2,4,1,2
"1485",5,4,1,-1
"1486",4,3,1,-1
"1487",5,5,2,0
"1488",2,3,2,1
"1489",3,5,2,2
"1490",4,5,2,1
"1491",4,5,2,1
"1492",4,4,2,0
"1493",3,5,2,2
"1494",2,4,2,2
"1495",3,4,1,1
"1496",5,5,1,0
"1497",3,4,1,1
"1498",2,4,1,2
"1499",3,4,1,1
"1500",3,5,1,2
"1501",4,5,1,1
"1502",2,3,1,1
"1503",3,4,1,1
"1504",2,2,1,0
"1505",2,3,1,1
"1506",2,3,2,1
"1507",2,2,2,0
"1508",5,3,2,-2
"1509",3,4,2,1
"1510",2,3,2,1
"1511",5,5,2,0
"1512",4,4,1,0
"1513",2,2,1,0
"1514",3,5,1,2
"1515",5,5,1,0
"1516",2,2,1,0
"1517",3,5,1,2
"1518",3,3,1,0
"1519",2,4,1,2
"1520",3,4,1,1
"1521",3,4,1,1
"1522",5,5,1,0
"1523",5,5,1,0
"1524",5,5,1,0
"1525",4,5,1,1
"1526",3,4,1,1
"1527",3,4,2,1
"1528",2,4,2,2
"1529",3,5,2,2
"1530",2,2,2,0
"1531",4,5,2,1
"1532",2,2,2,0
"1533",4,5,1,1
"1534",3,4,1,1
"1535",5,5,1,0
"1536",5,5,1,0
"1537",3,3,1,0
"1538",5,5,1,0
"1539",5,5,1,0
"1540",3,1,1,-2
"1541",4,5,1,1
"1542",5,5,1,0
"1543",4,5,2,1
"1544",4,5,2,1
"1545",2,4,2,2
"1546",5,5,2,0
"1547",3,4,2,1
"1548",4,3,2,-1
"1549",3,5,2,2
"1550",3,2,2,-1
"1551",5,5,2,0
"1552",3,5,2,2
"1553",3,3,2,0
"1554",5,4,1,-1
"1555",4,5,1,1
"1556",3,3,1,0
"1557",3,4,1,1
"1558",3,3,1,0
"1559",4,5,1,1
"1560",3,4,2,1
"1561",4,4,2,0
"1562",2,4,2,2
"1563",2,2,2,0
"1564",3,3,2,0
"1565",3,5,2,2
"1566",4,5,2,1
"1567",3,5,2,2
"1568",5,5,2,0
"1569",2,2,2,0
"1570",2,3,1,1
"1571",3,4,2,1
"1572",4,4,2,0
"1573",4,5,2,1
"1574",2,3,1,1
"1575",3,3,1,0
"1576",2,4,1,2
"1577",3,5,2,2
"1578",4,5,1,1
"1579",2,3,2,1
"1580",2,2,1,0
"1581",2,3,1,1
"1582",2,4,2,2
"1583",3,4,2,1
"1584",2,1,2,-1
"1585",3,4,2,1
"1586",2,3,2,1
"1587",5,5,1,0
"1588",5,5,2,0
"1589",5,3,2,-2
"1590",3,4,2,1
"1591",2,3,1,1
"1592",3,2,2,-1
"1593",5,5,2,0
"1594",2,3,2,1
"1595",5,5,2,0
"1596",2,4,2,2
"1597",2,2,2,0
"1598",1,1,2,0
"1599",2,4,1,2
"1600",3,2,1,-1
"1601",1,4,1,3
"1602",3,5,1,2
"1603",2,5,1,3
"1604",3,1,1,-2
"1605",2,4,1,2
"1606",3,5,2,2
"1607",3,5,2,2
"1608",2,4,2,2
"1609",3,4,1,1
"1610",2,3,1,1
"1611",2,5,1,3
"1612",3,3,1,0
"1613",3,2,1,-1
"1614",3,2,1,-1
"1615",5,5,1,0
"1616",2,4,1,2
"1617",4,5,2,1
"1618",4,5,1,1
"1619",3,4,1,1
"1620",4,4,1,0
"1621",2,1,1,-1
"1622",2,5,1,3
"1623",5,5,1,0
"1624",3,5,1,2
"1625",5,4,2,-1
"1626",3,4,1,1
"1627",4,3,1,-1
"1628",5,5,1,0
"1629",5,5,1,0
"1630",3,4,2,1
"1631",2,2,1,0
"1632",5,5,1,0
"1633",2,3,1,1
"1634",2,3,1,1
"1635",5,5,2,0
"1636",3,4,2,1
"1637",2,3,2,1
"1638",2,2,1,0
"1639",5,5,1,0
"1640",3,4,2,1
"1641",3,4,2,1
"1642",3,4,2,1
"1643",4,5,1,1
"1644",3,4,1,1
"1645",2,3,1,1
"1646",2,4,1,2
"1647",2,3,1,1
"1648",2,4,1,2
"1649",3,4,2,1
"1650",3,4,2,1
"1651",2,3,1,1
"1652",3,4,1,1
"1653",2,4,1,2
"1654",4,3,1,-1
"1655",3,5,2,2
"1656",5,5,2,0
"1657",3,5,2,2
"1658",2,3,2,1
"1659",4,2,2,-2
"1660",5,5,2,0
"1661",5,3,2,-2
"1662",5,5,2,0
"1663",5,5,2,0
"1664",3,2,2,-1
"1665",5,5,2,0
"1666",4,4,2,0
"1667",5,5,2,0
"1668",2,1,2,-1
"1669",4,4,1,0
"1670",5,3,1,-2
"1671",4,4,1,0
"1672",5,5,1,0
"1673",5,5,1,0
"1674",5,5,1,0
"1676",4,5,2,1
"1677",5,5,2,0
"1678",5,5,2,0
"1679",5,5,2,0
"1680",4,5,2,1
"1681",5,5,2,0
"1682",5,5,2,0
"1683",5,5,2,0
"1684",5,5,2,0
"1685",5,5,1,0
"1686",5,5,1,0
"1687",5,5,1,0
"1688",3,4,1,1
"1689",3,3,1,0
"1690",3,3,1,0
"1691",5,5,1,0
"1692",4,5,1,1
"1693",5,5,2,0
"1694",4,3,2,-1
"1695",3,5,2,2
"1696",5,5,2,0
"1697",5,5,2,0
"1698",4,4,2,0
"1699",5,5,2,0
"1700",4,5,1,1
"1701",3,4,1,1
"1702",4,5,1,1
"1703",3,4,1,1
"1704",5,5,1,0
"1705",5,5,1,0
"1706",3,4,1,1
"1707",3,5,1,2
"1708",5,5,1,0
"1709",5,5,1,0
"1710",4,5,1,1
"1711",4,5,2,1
"1712",5,5,2,0
"1713",5,5,2,0
"1714",5,5,2,0
"1715",5,5,2,0
"1716",5,5,2,0
"1717",5,5,2,0
"1718",5,5,1,0
"1719",4,3,1,-1
"1720",2,4,1,2
"1721",4,5,1,1
"1722",5,4,1,-1
"1723",4,5,1,1
"1724",5,5,1,0
"1725",4,5,2,1
"1726",2,4,2,2
"1727",3,5,2,2
"1728",4,5,2,1
"1729",4,5,2,1
"1730",3,3,2,0
"1731",3,4,2,1
"1732",5,5,2,0
"1733",5,4,2,-1
"1734",5,5,2,0
"1735",5,5,1,0
"1736",5,5,1,0
"1737",5,5,1,0
"1738",5,5,1,0
"1739",4,5,1,1
"1740",3,5,1,2
"1741",4,5,1,1
"1742",4,5,1,1
"1743",5,3,2,-2
"1744",5,5,2,0
"1745",4,5,2,1
"1746",4,4,2,0
"1747",4,4,2,0
"1748",2,1,2,-1
"1749",5,5,2,0
"1750",5,5,2,0
"1751",2,4,2,2
"1752",5,5,1,0
"1753",5,5,1,0
"1754",3,5,1,2
"1755",5,5,1,0
"1756",3,4,1,1
"1757",3,5,1,2
"1758",3,5,1,2
"1759",3,4,2,1
"1760",5,4,2,-1
"1761",3,4,2,1
"1762",2,1,2,-1
"1763",4,2,2,-2
"1764",4,5,2,1
"1765",4,4,2,0
"1766",4,5,2,1
"1767",5,5,1,0
"1768",4,4,1,0
"1769",3,4,1,1
"1770",5,5,1,0
"1771",5,5,1,0
"1772",2,5,1,3
"1773",4,5,1,1
"1774",4,5,1,1
"1775",3,5,2,2
"1776",4,5,2,1
"1777",2,4,2,2
"1778",2,3,2,1
"1779",3,4,2,1
"1780",3,4,2,1
"1781",2,3,2,1
"1782",4,5,2,1
"1783",2,3,2,1
"1784",1,4,1,3
"1785",3,5,1,2
"1786",5,5,1,0
"1787",2,3,2,1
"1788",3,5,2,2
"1789",4,5,2,1
"1790",2,4,2,2
"1791",5,4,2,-1
"1792",5,4,2,-1
"1793",5,5,2,0
"1794",5,5,2,0
"1795",3,5,2,2
"1796",5,5,2,0
"1797",4,5,2,1
"1798",5,5,2,0
"1799",5,5,2,0
"1800",4,5,1,1
"1801",2,4,1,2
"1802",3,3,1,0
"1803",2,4,1,2
"1804",5,2,1,-3
"1805",4,5,1,1
"1806",5,4,1,-1
"1807",4,4,1,0
"1808",3,2,2,-1
"1809",4,3,2,-1
"1810",5,5,2,0
"1811",4,3,2,-1
"1812",2,1,2,-1
"1813",4,3,2,-1
"1814",2,3,1,1
"1815",3,5,1,2
"1816",2,3,1,1
"1817",3,4,1,1
"1818",5,5,1,0
"1819",4,5,1,1
"1820",5,2,1,-3
"1821",4,5,2,1
"1822",4,4,2,0
"1823",4,4,2,0
"1824",3,4,2,1
"1825",2,4,2,2
"1826",4,4,1,0
"1827",2,4,1,2
"1828",5,5,1,0
"1829",3,5,1,2
"1830",5,3,1,-2
"1831",3,4,1,1
"1832",3,5,1,2
"1833",2,3,1,1
"1834",5,5,1,0
"1835",5,5,1,0
"1837",3,5,1,2
"1838",5,5,1,0
"1840",3,4,2,1
"1841",5,5,2,0
"1842",3,4,2,1
"1843",5,5,2,0
"1844",4,5,2,1
"1845",5,5,1,0
"1846",5,5,1,0
"1847",5,4,1,-1
"1848",3,5,1,2
"1849",4,5,1,1
"1850",4,5,1,1
"1851",2,5,1,3
"1852",5,5,1,0
"1853",5,5,2,0
"1854",5,5,2,0
"1855",5,5,2,0
"1856",5,5,1,0
"1857",3,5,1,2
"1859",4,5,1,1
"1860",5,5,1,0
"1861",5,5,1,0
"1862",4,3,1,-1
"1863",5,5,1,0
"1864",3,5,1,2
"1865",5,5,2,0
"1866",3,5,2,2
"1867",3,3,2,0
"1868",5,4,2,-1
"1869",4,3,2,-1
"1870",4,5,1,1
"1871",4,5,1,1
"1872",4,5,1,1
"1873",4,5,1,1
"1874",3,4,1,1
"1875",3,4,1,1
"1876",5,5,1,0
"1877",4,5,1,1
"1879",2,2,1,0
"1880",5,5,2,0
"1881",5,5,2,0
"1882",2,3,2,1
"1883",4,4,2,0
"1884",5,5,2,0
"1885",5,5,2,0
"1886",2,3,2,1
"1887",4,5,1,1
"1888",3,5,1,2
"1889",3,5,1,2
"1890",5,5,1,0
"1891",4,4,1,0
"1892",5,5,1,0
"1893",5,5,1,0
"1894",5,5,1,0
"1895",4,5,1,1
"1896",2,5,2,3
"1897",3,5,2,2
"1898",3,4,2,1
"1899",5,5,2,0
"1900",2,5,2,3
"1901",5,5,2,0
"1902",3,5,2,2
"1903",2,5,1,3
"1904",5,5,1,0
"1905",3,5,1,2
"1906",4,5,1,1
"1907",2,4,1,2
"1908",3,3,1,0
"1909",2,3,1,1
"1910",5,4,2,-1
"1911",3,4,2,1
"1912",3,5,2,2
"1913",4,4,2,0
"1914",2,4,2,2
"1915",3,3,2,0
"1916",5,5,1,0
"1917",3,3,1,0
"1918",3,3,1,0
"1919",4,5,1,1
"1920",5,5,1,0
"1921",4,5,1,1
"1922",5,5,1,0
"1923",3,3,2,0
"1924",5,5,2,0
"1925",3,3,2,0
"1926",4,5,2,1
"1927",3,4,2,1
"1928",5,5,2,0
"1929",3,5,2,2
"1930",5,5,2,0
"1931",5,5,2,0
"1932",5,5,2,0
"1933",4,4,1,0
"1934",5,5,1,0
"1935",4,5,1,1
"1936",3,4,1,1
"1937",4,5,1,1
"1938",5,4,1,-1
"1939",4,4,1,0
"1940",4,5,1,1
"1941",5,5,1,0
"1942",4,5,1,1
"1943",4,5,1,1
"1944",3,4,1,1
"1945",2,5,1,3
"1946",3,4,1,1
"1947",5,4,2,-1
"1948",5,5,2,0
"1949",3,3,2,0
"1950",5,5,2,0
"1951",5,4,2,-1
"1952",2,2,2,0
"1953",1,2,2,1
"1954",5,4,2,-1
"1955",4,3,2,-1
"1956",4,5,2,1
"1957",5,5,2,0
"1958",4,5,2,1
"1959",5,5,1,0
"1960",5,5,1,0
"1961",5,5,1,0
"1962",4,4,1,0
"1963",3,4,1,1
"1964",3,4,1,1
"1966",5,4,2,-1
"1967",4,4,2,0
"1968",4,5,2,1
"1969",2,3,2,1
"1970",3,4,2,1
"1971",4,5,1,1
"1972",4,5,1,1
"1973",5,5,1,0
"1974",4,5,1,1
"1975",2,2,1,0
"1976",4,5,1,1
"1977",4,1,2,-3
"1978",4,5,2,1
"1979",4,3,2,-1
"1980",3,5,2,2
"1981",5,5,2,0
"1982",4,4,1,0
"1983",3,4,1,1
"1984",5,5,1,0
"1985",2,3,1,1
"1986",5,5,1,0
"1987",4,2,1,-2
"1988",3,4,1,1
"1989",4,5,2,1
"1990",4,5,2,1
"1991",3,5,1,2
"1992",5,4,1,-1
"1993",4,5,1,1
"1994",5,5,1,0
"1995",5,5,1,0
"1996",5,5,1,0
"1997",5,2,1,-3
"1998",2,4,1,2
"1999",4,4,1,0
"2000",3,5,1,2
"2001",5,5,2,0
"2002",4,5,2,1
"2003",5,5,2,0
"2004",3,4,2,1
"2005",4,5,2,1
"2006",4,5,2,1
"2007",5,5,2,0
"2008",1,4,1,3
"2009",5,4,1,-1
"2010",4,5,1,1
"2011",4,5,1,1
"2012",5,5,1,0
"2013",4,4,1,0
"2014",4,5,1,1
"2015",3,5,1,2
"2016",4,3,1,-1
"2017",4,5,1,1
"2018",5,5,1,0
"2019",5,5,1,0
"2020",4,5,2,1
"2021",4,5,2,1
"2022",4,5,2,1
"2023",3,3,2,0
"2024",3,4,2,1
"2025",1,4,2,3
"2026",5,5,2,0
"2027",3,4,1,1
"2028",4,5,1,1
"2029",3,5,1,2
"2030",2,1,1,-1
"2031",2,3,1,1
"2032",4,5,1,1
"2033",3,4,1,1
"2034",3,5,1,2
"2035",4,5,1,1
"2036",4,5,2,1
"2037",2,4,2,2
"2038",2,2,2,0
"2039",1,2,2,1
"2040",2,3,2,1
"2041",5,4,2,-1
"2042",4,5,2,1
"2043",5,5,1,0
"2044",3,4,1,1
"2045",5,5,1,0
"2046",5,5,1,0
"2047",2,3,1,1
"2048",3,5,1,2
"2049",2,2,1,0
"2050",3,5,1,2
"2051",5,4,1,-1
"2052",3,4,1,1
"2053",1,3,1,2
"2054",2,4,1,2
"2055",4,5,1,1
"2056",2,1,2,-1
"2057",4,4,2,0
"2058",2,4,2,2
"2059",4,5,2,1
"2060",5,4,2,-1
"2061",4,5,2,1
"2062",3,4,2,1
"2063",3,4,2,1
"2064",2,2,2,0
"2065",3,4,2,1
"2066",2,4,2,2
"2067",3,4,2,1
"2068",5,5,2,0
"2069",3,5,2,2
"2070",3,5,1,2
"2071",4,5,2,1
"2072",2,4,2,2
"2073",3,4,2,1
"2074",5,5,2,0
"2075",5,4,2,-1
"2076",4,3,2,-1
"2077",5,5,1,0
"2078",5,5,1,0
"2079",4,5,1,1
"2080",3,2,1,-1
"2081",1,3,1,2
"2082",2,3,2,1
"2083",2,3,2,1
"2084",3,5,2,2
"2085",4,5,2,1
"2086",5,5,2,0
"2087",5,5,2,0
"2088",4,5,2,1
"2089",4,5,2,1
"2090",3,4,1,1
"2091",4,5,1,1
"2092",2,3,1,1
"2093",3,4,2,1
"2094",3,4,2,1
"2095",4,5,2,1
"2096",2,2,2,0
"2097",5,5,1,0
"2098",2,4,1,2
"2099",4,4,1,0
"2100",2,3,2,1
"2101",4,5,2,1
"2102",4,5,2,1
"2103",3,3,2,0
"2104",3,4,2,1
"2105",3,4,2,1
"2106",3,5,1,2
"2107",3,4,1,1
"2108",5,5,2,0
